To honour the JVM settings for this build a single-use Daemon process will be forked. For more on this, please refer to https://docs.gradle.org/8.8/userguide/gradle_daemon.html#sec:disabling_the_daemon in the Gradle documentation.
Daemon will be stopped at the end of the build 

> Configure project :
Java: 17.0.12, JVM: 17.0.12+8-LTS-286 (Oracle Corporation), Arch: amd64

> Task :compileJava

> Task :processResources
> Task :classes
> Task :downloadMcpConfig
> Task :extractSrg
> Task :createSrgToMcp
> Task :downloadMCMeta UP-TO-DATE
> Task :downloadAssets UP-TO-DATE
> Task :extractNatives
> Task :makeSrcDirs
> Task :prepareRuns
> Task :prepareRunClient
> Task :prepareRunClientCompile

> Task :runClient
2026-07-26 23:57:03,580 main WARN Advanced terminal features are not available in this environment
[23:57:03] [main/INFO] [cp.mo.mo.Launcher/MODLAUNCHER]: ModLauncher running: args [--launchTarget, forgeclientuserdev, --version, MOD_DEV, --assetIndex, 5, --assetsDir, C:\Users\wzx18\.gradle\caches\forge_gradle\assets, --gameDir, ., --fml.forgeVersion, 47.4.20, --fml.mcVersion, 1.20.1, --fml.forgeGroup, net.minecraftforge, --fml.mcpVersion, 20230612.114412]
[23:57:03] [main/INFO] [cp.mo.mo.Launcher/MODLAUNCHER]: ModLauncher 10.0.9+10.0.9+main.dcd20f30 starting: java version 17.0.12 by Oracle Corporation; OS Windows 11 arch amd64 version 10.0
[23:57:03] [main/DEBUG] [cp.mo.mo.LaunchServiceHandler/MODLAUNCHER]: Found launch services [fmlclientdev,forgeclient,minecraft,forgegametestserverdev,fmlserveruserdev,fmlclient,fmldatauserdev,forgeserverdev,forgeserveruserdev,forgeclientdev,forgeclientuserdev,forgeserver,forgedatadev,fmlserver,fmlclientuserdev,fmlserverdev,forgedatauserdev,testharness,forgegametestserveruserdev]
[23:57:03] [main/DEBUG] [cp.mo.mo.NameMappingServiceHandler/MODLAUNCHER]: Found naming services : [srgtomcp]
[23:57:03] [main/DEBUG] [cp.mo.mo.LaunchPluginHandler/MODLAUNCHER]: Found launch plugins: [mixin,eventbus,slf4jfixer,object_holder_definalize,runtime_enum_extender,capability_token_subclass,accesstransformer,runtimedistcleaner]
[23:57:03] [main/DEBUG] [cp.mo.mo.TransformationServicesHandler/MODLAUNCHER]: Discovering transformation services
[23:57:03] [main/DEBUG] [ne.mi.fm.lo.FMLPaths/CORE]: Path GAMEDIR is D:\ModIMade\eternal_trinkets\run
[23:57:03] [main/DEBUG] [ne.mi.fm.lo.FMLPaths/CORE]: Path MODSDIR is D:\ModIMade\eternal_trinkets\run\mods
[23:57:03] [main/DEBUG] [ne.mi.fm.lo.FMLPaths/CORE]: Path CONFIGDIR is D:\ModIMade\eternal_trinkets\run\config
[23:57:03] [main/DEBUG] [ne.mi.fm.lo.FMLPaths/CORE]: Path FMLCONFIG is D:\ModIMade\eternal_trinkets\run\config\fml.toml
[23:57:03] [main/DEBUG] [cp.mo.mo.TransformationServicesHandler/MODLAUNCHER]: Found additional transformation services from discovery services: 
[23:57:03] [main/INFO] [ne.mi.fm.lo.ImmediateWindowHandler/]: Loading ImmediateWindowProvider fmlearlywindow
[23:57:03] [main/INFO] [EARLYDISPLAY/]: Trying GL version 4.6
[23:57:04] [main/INFO] [EARLYDISPLAY/]: Requested GL version 4.6 got version 4.6
[23:57:04] [main/DEBUG] [cp.mo.mo.TransformationServicesHandler/MODLAUNCHER]: Found transformer services : [mixin,fml]
[23:57:04] [main/DEBUG] [cp.mo.mo.TransformationServicesHandler/MODLAUNCHER]: Transformation services loading
[23:57:04] [main/DEBUG] [cp.mo.mo.TransformationServiceDecorator/MODLAUNCHER]: Loading service mixin
[23:57:04] [main/DEBUG] [cp.mo.mo.TransformationServiceDecorator/MODLAUNCHER]: Loaded service mixin
[23:57:04] [main/DEBUG] [cp.mo.mo.TransformationServiceDecorator/MODLAUNCHER]: Loading service fml
[23:57:04] [main/DEBUG] [ne.mi.fm.lo.LauncherVersion/CORE]: Found FMLLauncher version 1.0
[23:57:04] [main/DEBUG] [ne.mi.fm.lo.FMLLoader/CORE]: FML 1.0 loading
[23:57:04] [main/DEBUG] [ne.mi.fm.lo.FMLLoader/CORE]: FML found ModLauncher version : 10.0.9+10.0.9+main.dcd20f30
[23:57:04] [main/DEBUG] [ne.mi.fm.lo.FMLLoader/CORE]: Requesting CoreMods to not apply the fix for ASMAPI.findFirstInstructionBefore by default
[23:57:04] [main/DEBUG] [ne.mi.fm.lo.FMLLoader/CORE]: FML found AccessTransformer version : 8.0.4+66+master.c09db6d7
[23:57:04] [main/DEBUG] [ne.mi.fm.lo.FMLLoader/CORE]: FML found EventBus version : 6.2.33
[23:57:04] [main/DEBUG] [ne.mi.fm.lo.FMLLoader/CORE]: Found Runtime Dist Cleaner
[23:57:04] [main/DEBUG] [ne.mi.co.CoreModEngine/]: CoreMods will preserve legacy behavior of ASMAPI.findFirstInstructionBefore for backwards-compatibility
[23:57:04] [main/DEBUG] [ne.mi.fm.lo.FMLLoader/CORE]: FML found CoreMod version : 5.2.4
[23:57:04] [main/DEBUG] [ne.mi.fm.lo.FMLLoader/CORE]: Found ForgeSPI package implementation version 7.0.1+7.0.1+master.d2b38bf6
[23:57:04] [main/DEBUG] [ne.mi.fm.lo.FMLLoader/CORE]: Found ForgeSPI package specification 5
[23:57:04] [main/DEBUG] [cp.mo.mo.TransformationServiceDecorator/MODLAUNCHER]: Loaded service fml
[23:57:04] [main/DEBUG] [cp.mo.mo.TransformationServicesHandler/MODLAUNCHER]: Configuring option handling for services
[23:57:04] [main/DEBUG] [cp.mo.mo.TransformationServicesHandler/MODLAUNCHER]: Transformation services initializing
[23:57:04] [main/DEBUG] [cp.mo.mo.TransformationServiceDecorator/MODLAUNCHER]: Initializing transformation service mixin
[23:57:04] [main/DEBUG] [mixin/]: MixinService [ModLauncher] was successfully booted in cpw.mods.cl.ModuleClassLoader@e056f20
[23:57:04] [main/INFO] [mixin/]: SpongePowered MIXIN Subsystem Version=0.8.5 Source=union:/C:/Users/wzx18/.gradle/caches/modules-2/files-2.1/org.spongepowered/mixin/0.8.5/9d1c0c3a304ae6697ecd477218fa61b850bf57fc/mixin-0.8.5.jar%23128!/ Service=ModLauncher Env=CLIENT
[23:57:04] [main/DEBUG] [mixin/]: Initialising Mixin Platform Manager
[23:57:04] [main/DEBUG] [mixin/]: Adding mixin platform agents for container ModLauncher Root Container(ModLauncher:4f56a0a2)
[23:57:04] [main/DEBUG] [mixin/]: Instancing new MixinPlatformAgentMinecraftForge for ModLauncher Root Container(ModLauncher:4f56a0a2)
[23:57:04] [main/DEBUG] [mixin/]: MixinPlatformAgentMinecraftForge rejected container ModLauncher Root Container(ModLauncher:4f56a0a2)
[23:57:04] [main/DEBUG] [mixin/]: Instancing new MixinPlatformAgentDefault for ModLauncher Root Container(ModLauncher:4f56a0a2)
[23:57:04] [main/DEBUG] [mixin/]: MixinPlatformAgentDefault accepted container ModLauncher Root Container(ModLauncher:4f56a0a2)
[23:57:04] [main/DEBUG] [cp.mo.mo.TransformationServiceDecorator/MODLAUNCHER]: Initialized transformation service mixin
[23:57:04] [main/DEBUG] [cp.mo.mo.TransformationServiceDecorator/MODLAUNCHER]: Initializing transformation service fml
[23:57:04] [main/DEBUG] [ne.mi.fm.lo.FMLServiceProvider/CORE]: Setting up basic FML game directories
[23:57:04] [main/DEBUG] [ne.mi.fm.lo.FMLPaths/CORE]: Path GAMEDIR is D:\ModIMade\eternal_trinkets\run
[23:57:04] [main/DEBUG] [ne.mi.fm.lo.FMLPaths/CORE]: Path MODSDIR is D:\ModIMade\eternal_trinkets\run\mods
[23:57:04] [main/DEBUG] [ne.mi.fm.lo.FMLPaths/CORE]: Path CONFIGDIR is D:\ModIMade\eternal_trinkets\run\config
[23:57:04] [main/DEBUG] [ne.mi.fm.lo.FMLPaths/CORE]: Path FMLCONFIG is D:\ModIMade\eternal_trinkets\run\config\fml.toml
[23:57:04] [main/DEBUG] [ne.mi.fm.lo.FMLServiceProvider/CORE]: Loading configuration
[23:57:04] [main/DEBUG] [ne.mi.fm.lo.FMLServiceProvider/CORE]: Preparing ModFile
[23:57:04] [main/DEBUG] [ne.mi.fm.lo.FMLServiceProvider/CORE]: Preparing launch handler
[23:57:04] [main/DEBUG] [ne.mi.fm.lo.FMLLoader/CORE]: Using forgeclientuserdev as launch service
[23:57:04] [main/DEBUG] [ne.mi.fm.lo.FMLLoader/CORE]: Received command line version data  : VersionInfo[forgeVersion=47.4.20, mcVersion=1.20.1, mcpVersion=20230612.114412, forgeGroup=net.minecraftforge]
[23:57:04] [main/DEBUG] [cp.mo.mo.TransformationServiceDecorator/MODLAUNCHER]: Initialized transformation service fml
[23:57:04] [main/DEBUG] [cp.mo.mo.NameMappingServiceHandler/MODLAUNCHER]: Current naming domain is 'mcp'
[23:57:04] [main/DEBUG] [cp.mo.mo.NameMappingServiceHandler/MODLAUNCHER]: Identified name mapping providers {srg=srgtomcp:1234}
[23:57:04] [main/DEBUG] [cp.mo.mo.TransformationServicesHandler/MODLAUNCHER]: Transformation services begin scanning
[23:57:04] [main/DEBUG] [cp.mo.mo.TransformationServiceDecorator/MODLAUNCHER]: Beginning scan trigger - transformation service mixin
[23:57:04] [main/DEBUG] [cp.mo.mo.TransformationServiceDecorator/MODLAUNCHER]: End scan trigger - transformation service mixin
[23:57:04] [main/DEBUG] [cp.mo.mo.TransformationServiceDecorator/MODLAUNCHER]: Beginning scan trigger - transformation service fml
[23:57:04] [main/DEBUG] [ne.mi.fm.lo.FMLServiceProvider/CORE]: Initiating mod scan
[23:57:04] [main/DEBUG] [ne.mi.fm.lo.mo.ModListHandler/CORE]: Found mod coordinates from lists: []
[23:57:04] [pool-2-thread-1/INFO] [EARLYDISPLAY/]: GL info: NVIDIA GeForce RTX 5060 Laptop GPU/PCIe/SSE2 GL version 4.6.0 NVIDIA 582.05, NVIDIA Corporation
[23:57:04] [main/DEBUG] [ne.mi.fm.lo.mo.ModDiscoverer/CORE]: Found Mod Locators : (mods folder:null),(maven libs:null),(exploded directory:null),(minecraft:null),(userdev classpath:null)
[23:57:04] [main/DEBUG] [ne.mi.fm.lo.mo.ModDiscoverer/CORE]: Found Dependency Locators : (JarInJar:null)
[23:57:04] [main/DEBUG] [ne.mi.fm.lo.ta.CommonLaunchHandler/CORE]: Got mod coordinates eternal_trinkets%%D:\ModIMade\eternal_trinkets\build\resources\main;eternal_trinkets%%D:\ModIMade\eternal_trinkets\build\classes\java\main from env
[23:57:04] [main/DEBUG] [ne.mi.fm.lo.ta.CommonLaunchHandler/CORE]: Found supplied mod coordinates [{eternal_trinkets=[D:\ModIMade\eternal_trinkets\build\resources\main, D:\ModIMade\eternal_trinkets\build\classes\java\main]}]
[23:57:04] [main/DEBUG] [ne.mi.fm.lo.mo.ModFileInfo/LOADING]: Found valid mod file forge-1.20.1-47.4.20_mapped_official_1.20.1.jar with {minecraft} mods - versions {1.20.1}
[23:57:04] [main/DEBUG] [ne.mi.fm.lo.mo.ModFileParser/LOADING]: Considering mod file candidate C:\Users\wzx18\.gradle\caches\modules-2\files-2.1\net.minecraftforge\javafmllanguage\1.20.1-47.4.20\c354b21002937b393c4f86163a98dccdf1d51e72\javafmllanguage-1.20.1-47.4.20.jar
[23:57:04] [main/WARN] [ne.mi.fm.lo.mo.ModFileParser/LOADING]: Mod file C:\Users\wzx18\.gradle\caches\modules-2\files-2.1\net.minecraftforge\javafmllanguage\1.20.1-47.4.20\c354b21002937b393c4f86163a98dccdf1d51e72\javafmllanguage-1.20.1-47.4.20.jar is missing mods.toml file
[23:57:04] [main/DEBUG] [ne.mi.fm.lo.mo.ModFileParser/LOADING]: Considering mod file candidate C:\Users\wzx18\.gradle\caches\modules-2\files-2.1\net.minecraftforge\lowcodelanguage\1.20.1-47.4.20\865d75f8c18329ddb31db5856701ab86609108b5\lowcodelanguage-1.20.1-47.4.20.jar
[23:57:04] [main/WARN] [ne.mi.fm.lo.mo.ModFileParser/LOADING]: Mod file C:\Users\wzx18\.gradle\caches\modules-2\files-2.1\net.minecraftforge\lowcodelanguage\1.20.1-47.4.20\865d75f8c18329ddb31db5856701ab86609108b5\lowcodelanguage-1.20.1-47.4.20.jar is missing mods.toml file
[23:57:04] [main/DEBUG] [ne.mi.fm.lo.mo.ModFileParser/LOADING]: Considering mod file candidate C:\Users\wzx18\.gradle\caches\modules-2\files-2.1\net.minecraftforge\mclanguage\1.20.1-47.4.20\af599930362212ae937e392709f49047e6abbbf\mclanguage-1.20.1-47.4.20.jar
[23:57:04] [main/WARN] [ne.mi.fm.lo.mo.ModFileParser/LOADING]: Mod file C:\Users\wzx18\.gradle\caches\modules-2\files-2.1\net.minecraftforge\mclanguage\1.20.1-47.4.20\af599930362212ae937e392709f49047e6abbbf\mclanguage-1.20.1-47.4.20.jar is missing mods.toml file
[23:57:04] [main/DEBUG] [ne.mi.fm.lo.mo.ModFileParser/LOADING]: Considering mod file candidate C:\Users\wzx18\.gradle\caches\modules-2\files-2.1\net.minecraftforge\fmlcore\1.20.1-47.4.20\e8cc697c69f3911e76caa2f005d9486597cd7448\fmlcore-1.20.1-47.4.20.jar
[23:57:04] [main/WARN] [ne.mi.fm.lo.mo.ModFileParser/LOADING]: Mod file C:\Users\wzx18\.gradle\caches\modules-2\files-2.1\net.minecraftforge\fmlcore\1.20.1-47.4.20\e8cc697c69f3911e76caa2f005d9486597cd7448\fmlcore-1.20.1-47.4.20.jar is missing mods.toml file
[23:57:04] [main/DEBUG] [ne.mi.fm.lo.mo.ModFileParser/LOADING]: Considering mod file candidate D:\ModIMade\eternal_trinkets\build\resources\main
[23:57:04] [main/DEBUG] [ne.mi.fm.lo.mo.ModFileInfo/LOADING]: Found valid mod file main with {eternal_trinkets} mods - versions {1.0.0}
[23:57:04] [main/DEBUG] [ne.mi.fm.lo.mo.ModFileParser/LOADING]: Considering mod file candidate /
[23:57:04] [main/DEBUG] [ne.mi.fm.lo.mo.ModFileInfo/LOADING]: Found valid mod file  with {forge} mods - versions {47.4.20}
[23:57:04] [main/DEBUG] [ne.mi.fm.lo.mo.ModFileParser/LOADING]: Considering mod file candidate C:\Users\wzx18\.gradle\caches\forge_gradle\deobf_dependencies\top\theillusivec4\curios\curios-forge\5.14.1+1.20.1_mapped_official_1.20.1\curios-forge-5.14.1+1.20.1_mapped_official_1.20.1.jar
[23:57:04] [main/DEBUG] [ne.mi.fm.lo.mo.ModFileInfo/LOADING]: Found valid mod file curios-forge-5.14.1+1.20.1_mapped_official_1.20.1.jar with {curios} mods - versions {5.14.1+1.20.1}
[23:57:04] [main/DEBUG] [ne.mi.fm.lo.mo.ModFileParser/LOADING]: Considering mod file candidate C:\Users\wzx18\.gradle\caches\forge_gradle\deobf_dependencies\software\bernie\geckolib\geckolib-forge-1.20.1\4.4.9_mapped_official_1.20.1\geckolib-forge-1.20.1-4.4.9_mapped_official_1.20.1.jar
[23:57:04] [main/DEBUG] [ne.mi.fm.lo.mo.ModFileInfo/LOADING]: Found valid mod file geckolib-forge-1.20.1-4.4.9_mapped_official_1.20.1.jar with {geckolib} mods - versions {4.4.9}
[23:57:04] [main/DEBUG] [ne.mi.fm.lo.mo.ModFileParser/LOADING]: Considering mod file candidate C:\Users\wzx18\.gradle\caches\forge_gradle\deobf_dependencies\mezz\jei\jei-1.20.1-forge\15.20.0.134_mapped_official_1.20.1\jei-1.20.1-forge-15.20.0.134_mapped_official_1.20.1.jar
[23:57:04] [main/DEBUG] [ne.mi.fm.lo.mo.ModFileInfo/LOADING]: Found valid mod file jei-1.20.1-forge-15.20.0.134_mapped_official_1.20.1.jar with {jei} mods - versions {15.20.0.134}
[23:57:04] [main/DEBUG] [ne.mi.fm.lo.mo.ModFileParser/LOADING]: Considering mod file candidate C:\Users\wzx18\.gradle\caches\forge_gradle\deobf_dependencies\curse\maven\thirst-was-taken-679270\4750369_mapped_official_1.20.1\thirst-was-taken-679270-4750369_mapped_official_1.20.1.jar
[23:57:04] [main/DEBUG] [ne.mi.fm.lo.mo.ModFileInfo/LOADING]: Found valid mod file thirst-was-taken-679270-4750369_mapped_official_1.20.1.jar with {thirst} mods - versions {1.20.1-1.3.3}
[23:57:04] [main/DEBUG] [ne.mi.fm.lo.mo.ModFileParser/LOADING]: Considering mod file candidate C:\Users\wzx18\.gradle\caches\forge_gradle\deobf_dependencies\top\theillusivec4\curios\curios-forge\5.14.1+1.20.1_mapped_official_1.20.1\curios-forge-5.14.1+1.20.1_mapped_official_1.20.1.jar
[23:57:04] [main/DEBUG] [ne.mi.fm.lo.mo.ModFileInfo/LOADING]: Found valid mod file curios-forge-5.14.1+1.20.1_mapped_official_1.20.1.jar with {curios} mods - versions {5.14.1+1.20.1}
[23:57:04] [main/DEBUG] [ne.mi.fm.lo.mo.ModFileParser/LOADING]: Considering mod file candidate C:\Users\wzx18\.gradle\caches\forge_gradle\deobf_dependencies\software\bernie\geckolib\geckolib-forge-1.20.1\4.4.9_mapped_official_1.20.1\geckolib-forge-1.20.1-4.4.9_mapped_official_1.20.1.jar
[23:57:04] [main/DEBUG] [ne.mi.fm.lo.mo.ModFileInfo/LOADING]: Found valid mod file geckolib-forge-1.20.1-4.4.9_mapped_official_1.20.1.jar with {geckolib} mods - versions {4.4.9}
[23:57:04] [main/DEBUG] [ne.mi.fm.lo.mo.ModFileParser/LOADING]: Considering mod file candidate C:\Users\wzx18\.gradle\caches\forge_gradle\deobf_dependencies\mezz\jei\jei-1.20.1-forge\15.20.0.134_mapped_official_1.20.1\jei-1.20.1-forge-15.20.0.134_mapped_official_1.20.1.jar
[23:57:04] [main/DEBUG] [ne.mi.fm.lo.mo.ModFileInfo/LOADING]: Found valid mod file jei-1.20.1-forge-15.20.0.134_mapped_official_1.20.1.jar with {jei} mods - versions {15.20.0.134}
[23:57:04] [main/DEBUG] [ne.mi.fm.lo.mo.ModFileParser/LOADING]: Considering mod file candidate C:\Users\wzx18\.gradle\caches\forge_gradle\deobf_dependencies\curse\maven\thirst-was-taken-679270\4750369_mapped_official_1.20.1\thirst-was-taken-679270-4750369_mapped_official_1.20.1.jar
[23:57:04] [main/DEBUG] [ne.mi.fm.lo.mo.ModFileInfo/LOADING]: Found valid mod file thirst-was-taken-679270-4750369_mapped_official_1.20.1.jar with {thirst} mods - versions {1.20.1-1.3.3}
[23:57:04] [main/DEBUG] [ne.mi.fm.lo.UniqueModListBuilder/]: Found 2 mods for first modid thirst, selecting most recent based on version data
[23:57:05] [main/DEBUG] [ne.mi.fm.lo.UniqueModListBuilder/]: Selected file thirst-was-taken-679270-4750369_mapped_official_1.20.1.jar for modid thirst with version 1.20.1-1.3.3
[23:57:05] [main/DEBUG] [ne.mi.fm.lo.UniqueModListBuilder/]: Found 2 mods for first modid curios, selecting most recent based on version data
[23:57:05] [main/DEBUG] [ne.mi.fm.lo.UniqueModListBuilder/]: Selected file curios-forge-5.14.1+1.20.1_mapped_official_1.20.1.jar for modid curios with version 5.14.1+1.20.1
[23:57:05] [main/DEBUG] [ne.mi.fm.lo.UniqueModListBuilder/]: Found 2 mods for first modid geckolib, selecting most recent based on version data
[23:57:05] [main/DEBUG] [ne.mi.fm.lo.UniqueModListBuilder/]: Selected file geckolib-forge-1.20.1-4.4.9_mapped_official_1.20.1.jar for modid geckolib with version 4.4.9
[23:57:05] [main/DEBUG] [ne.mi.fm.lo.UniqueModListBuilder/]: Found 2 mods for first modid jei, selecting most recent based on version data
[23:57:05] [main/DEBUG] [ne.mi.fm.lo.UniqueModListBuilder/]: Selected file jei-1.20.1-forge-15.20.0.134_mapped_official_1.20.1.jar for modid jei with version 15.20.0.134
[23:57:05] [main/DEBUG] [ne.mi.fm.lo.mo.AbstractJarFileDependencyLocator/]: Failed to load resource META-INF\jarjar\metadata.json from forge-1.20.1-47.4.20_mapped_official_1.20.1.jar, it does not contain dependency information.
[23:57:05] [main/DEBUG] [ne.mi.fm.lo.mo.AbstractJarFileDependencyLocator/]: Failed to load resource META-INF\jarjar\metadata.json from thirst-was-taken-679270-4750369_mapped_official_1.20.1.jar, it does not contain dependency information.
[23:57:05] [main/DEBUG] [ne.mi.fm.lo.mo.AbstractJarFileDependencyLocator/]: Failed to load resource META-INF\jarjar\metadata.json from main, it does not contain dependency information.
[23:57:05] [main/DEBUG] [ne.mi.fm.lo.mo.AbstractJarFileDependencyLocator/]: Failed to load resource META-INF\jarjar\metadata.json from , it does not contain dependency information.
[23:57:05] [main/DEBUG] [ne.mi.fm.lo.mo.AbstractJarFileDependencyLocator/]: Failed to load resource META-INF\jarjar\metadata.json from curios-forge-5.14.1+1.20.1_mapped_official_1.20.1.jar, it does not contain dependency information.
[23:57:05] [main/DEBUG] [ne.mi.fm.lo.mo.AbstractJarFileDependencyLocator/]: Failed to load resource META-INF\jarjar\metadata.json from jei-1.20.1-forge-15.20.0.134_mapped_official_1.20.1.jar, it does not contain dependency information.
[23:57:05] [main/DEBUG] [ne.mi.fm.lo.mo.AbstractJarFileDependencyLocator/]: Failed to load resource META-INF\jarjar\metadata.json from mclanguage-1.20.1-47.4.20.jar, it does not contain dependency information.
[23:57:05] [main/DEBUG] [ne.mi.fm.lo.mo.AbstractJarFileDependencyLocator/]: Failed to load resource META-INF\jarjar\metadata.json from javafmllanguage-1.20.1-47.4.20.jar, it does not contain dependency information.
[23:57:05] [main/DEBUG] [ne.mi.fm.lo.mo.AbstractJarFileDependencyLocator/]: Failed to load resource META-INF\jarjar\metadata.json from fmlcore-1.20.1-47.4.20.jar, it does not contain dependency information.
[23:57:05] [main/DEBUG] [ne.mi.fm.lo.mo.AbstractJarFileDependencyLocator/]: Failed to load resource META-INF\jarjar\metadata.json from lowcodelanguage-1.20.1-47.4.20.jar, it does not contain dependency information.
[23:57:05] [main/DEBUG] [ne.mi.fm.lo.mo.AbstractJarFileDependencyLocator/]: Failed to load resource META-INF\jarjar\metadata.json from mclib-20.jar, it does not contain dependency information.
[23:57:05] [main/INFO] [ne.mi.fm.lo.mo.JarInJarDependencyLocator/]: Found 1 dependencies adding them to mods collection
[23:57:05] [main/DEBUG] [ne.mi.fm.lo.mo.ModFileInfo/LOADING]: Found valid mod file forge-1.20.1-47.4.20_mapped_official_1.20.1.jar with {minecraft} mods - versions {1.20.1}
[23:57:05] [main/DEBUG] [ne.mi.fm.lo.mo.ModFile/LOADING]: Loading mod file D:\ModIMade\eternal_trinkets\build\fg_cache\net\minecraftforge\forge\1.20.1-47.4.20_mapped_official_1.20.1\forge-1.20.1-47.4.20_mapped_official_1.20.1.jar with languages [LanguageSpec[languageName=minecraft, acceptedVersions=1]]
[23:57:05] [main/DEBUG] [ne.mi.fm.lo.mo.ModFileParser/LOADING]: Considering mod file candidate C:\Users\wzx18\.gradle\caches\forge_gradle\deobf_dependencies\curse\maven\thirst-was-taken-679270\4750369_mapped_official_1.20.1\thirst-was-taken-679270-4750369_mapped_official_1.20.1.jar
[23:57:05] [main/DEBUG] [ne.mi.fm.lo.mo.ModFileInfo/LOADING]: Found valid mod file thirst-was-taken-679270-4750369_mapped_official_1.20.1.jar with {thirst} mods - versions {1.20.1-1.3.3}
[23:57:05] [main/DEBUG] [ne.mi.fm.lo.mo.ModFile/LOADING]: Loading mod file C:\Users\wzx18\.gradle\caches\forge_gradle\deobf_dependencies\curse\maven\thirst-was-taken-679270\4750369_mapped_official_1.20.1\thirst-was-taken-679270-4750369_mapped_official_1.20.1.jar with languages [LanguageSpec[languageName=javafml, acceptedVersions=[47,)]]
[23:57:05] [main/DEBUG] [ne.mi.fm.lo.mo.ModFileParser/LOADING]: Considering mod file candidate D:\ModIMade\eternal_trinkets\build\resources\main
[23:57:05] [main/DEBUG] [ne.mi.fm.lo.mo.ModFileInfo/LOADING]: Found valid mod file main with {eternal_trinkets} mods - versions {1.0.0}
[23:57:05] [main/DEBUG] [ne.mi.fm.lo.mo.ModFile/LOADING]: Loading mod file D:\ModIMade\eternal_trinkets\build\resources\main with languages [LanguageSpec[languageName=javafml, acceptedVersions=[47,)]]
[23:57:05] [main/DEBUG] [ne.mi.fm.lo.mo.ModFileParser/LOADING]: Considering mod file candidate /
[23:57:05] [main/DEBUG] [ne.mi.fm.lo.mo.ModFileInfo/LOADING]: Found valid mod file  with {forge} mods - versions {47.4.20}
[23:57:05] [main/DEBUG] [ne.mi.fm.lo.mo.ModFile/LOADING]: Loading mod file / with languages [LanguageSpec[languageName=javafml, acceptedVersions=[24,]]]
[23:57:05] [main/DEBUG] [ne.mi.fm.lo.mo.ModFileParser/LOADING]: Found coremod field_to_method with Javascript path coremods/field_to_method.js
[23:57:05] [main/DEBUG] [ne.mi.fm.lo.mo.ModFileParser/LOADING]: Found coremod field_to_instanceof with Javascript path coremods/field_to_instanceof.js
[23:57:05] [main/DEBUG] [ne.mi.fm.lo.mo.ModFileParser/LOADING]: Found coremod add_bouncer_method with Javascript path coremods/add_bouncer_method.js
[23:57:05] [main/DEBUG] [ne.mi.fm.lo.mo.ModFileParser/LOADING]: Found coremod method_redirector with Javascript path coremods/method_redirector.js
[23:57:05] [main/DEBUG] [ne.mi.fm.lo.mo.ModFile/LOADING]: Found coremod coremods/field_to_method.js
[23:57:05] [main/DEBUG] [ne.mi.fm.lo.mo.ModFile/LOADING]: Found coremod coremods/field_to_instanceof.js
[23:57:05] [main/DEBUG] [ne.mi.fm.lo.mo.ModFile/LOADING]: Found coremod coremods/add_bouncer_method.js
[23:57:05] [main/DEBUG] [ne.mi.fm.lo.mo.ModFile/LOADING]: Found coremod coremods/method_redirector.js
[23:57:05] [main/DEBUG] [ne.mi.fm.lo.mo.ModFileParser/LOADING]: Considering mod file candidate C:\Users\wzx18\.gradle\caches\forge_gradle\deobf_dependencies\top\theillusivec4\curios\curios-forge\5.14.1+1.20.1_mapped_official_1.20.1\curios-forge-5.14.1+1.20.1_mapped_official_1.20.1.jar
[23:57:05] [main/DEBUG] [ne.mi.fm.lo.mo.ModFileInfo/LOADING]: Found valid mod file curios-forge-5.14.1+1.20.1_mapped_official_1.20.1.jar with {curios} mods - versions {5.14.1+1.20.1}
[23:57:05] [main/DEBUG] [ne.mi.fm.lo.mo.ModFile/LOADING]: Loading mod file C:\Users\wzx18\.gradle\caches\forge_gradle\deobf_dependencies\top\theillusivec4\curios\curios-forge\5.14.1+1.20.1_mapped_official_1.20.1\curios-forge-5.14.1+1.20.1_mapped_official_1.20.1.jar with languages [LanguageSpec[languageName=javafml, acceptedVersions=[41,)]]
[23:57:05] [main/DEBUG] [ne.mi.fm.lo.mo.ModFileParser/LOADING]: Considering mod file candidate C:\Users\wzx18\.gradle\caches\forge_gradle\deobf_dependencies\software\bernie\geckolib\geckolib-forge-1.20.1\4.4.9_mapped_official_1.20.1\geckolib-forge-1.20.1-4.4.9_mapped_official_1.20.1.jar
[23:57:05] [main/DEBUG] [ne.mi.fm.lo.mo.ModFileInfo/LOADING]: Found valid mod file geckolib-forge-1.20.1-4.4.9_mapped_official_1.20.1.jar with {geckolib} mods - versions {4.4.9}
[23:57:05] [main/DEBUG] [ne.mi.fm.lo.mo.ModFile/LOADING]: Loading mod file C:\Users\wzx18\.gradle\caches\forge_gradle\deobf_dependencies\software\bernie\geckolib\geckolib-forge-1.20.1\4.4.9_mapped_official_1.20.1\geckolib-forge-1.20.1-4.4.9_mapped_official_1.20.1.jar with languages [LanguageSpec[languageName=javafml, acceptedVersions=[47,)]]
[23:57:05] [main/DEBUG] [ne.mi.fm.lo.mo.ModFileParser/LOADING]: Considering mod file candidate C:\Users\wzx18\.gradle\caches\forge_gradle\deobf_dependencies\mezz\jei\jei-1.20.1-forge\15.20.0.134_mapped_official_1.20.1\jei-1.20.1-forge-15.20.0.134_mapped_official_1.20.1.jar
[23:57:05] [main/DEBUG] [ne.mi.fm.lo.mo.ModFileInfo/LOADING]: Found valid mod file jei-1.20.1-forge-15.20.0.134_mapped_official_1.20.1.jar with {jei} mods - versions {15.20.0.134}
[23:57:05] [main/DEBUG] [ne.mi.fm.lo.mo.ModFile/LOADING]: Loading mod file C:\Users\wzx18\.gradle\caches\forge_gradle\deobf_dependencies\mezz\jei\jei-1.20.1-forge\15.20.0.134_mapped_official_1.20.1\jei-1.20.1-forge-15.20.0.134_mapped_official_1.20.1.jar with languages [LanguageSpec[languageName=javafml, acceptedVersions=[47,)]]
[23:57:05] [main/DEBUG] [ne.mi.fm.lo.mo.ModFile/LOADING]: Loading mod file  with languages []
[23:57:05] [main/DEBUG] [ne.mi.fm.lo.mo.ModFile/LOADING]: Loading mod file  with languages []
[23:57:05] [main/DEBUG] [cp.mo.mo.TransformationServiceDecorator/MODLAUNCHER]: End scan trigger - transformation service fml
[23:57:05] [main/DEBUG] [ne.mi.fm.lo.LanguageLoadingProvider/CORE]: Found 3 language providers
[23:57:05] [main/DEBUG] [ne.mi.fm.lo.LanguageLoadingProvider/CORE]: Found language provider minecraft, version 1.0
[23:57:05] [main/DEBUG] [ne.mi.fm.lo.LanguageLoadingProvider/CORE]: Found language provider lowcodefml, version 47
[23:57:05] [main/DEBUG] [ne.mi.fm.lo.LanguageLoadingProvider/CORE]: Found language provider javafml, version 47
[23:57:05] [main/DEBUG] [ne.mi.fm.lo.UniqueModListBuilder/]: Found 2 mods for first modid mclib, selecting most recent based on version data
[23:57:05] [main/DEBUG] [ne.mi.fm.lo.UniqueModListBuilder/]: Selected file mclib-20.jar for modid mclib with version 0.0NONE
[23:57:05] [main/DEBUG] [ne.mi.fm.lo.ModSorter/]: Configured system mods: [minecraft, forge]
[23:57:05] [main/DEBUG] [ne.mi.fm.lo.ModSorter/]: Found system mod: minecraft
[23:57:05] [main/DEBUG] [ne.mi.fm.lo.ModSorter/]: Found system mod: forge
[23:57:05] [main/DEBUG] [ne.mi.fm.lo.ModSorter/LOADING]: Found 15 mod requirements (12 mandatory, 3 optional)
[23:57:05] [main/DEBUG] [ne.mi.fm.lo.ModSorter/LOADING]: Found 0 mod requirements missing (0 mandatory, 0 optional)
[23:57:05] [main/DEBUG] [ne.mi.fm.lo.MCPNamingService/CORE]: Loaded 33222 method mappings from methods.csv
[23:57:05] [main/DEBUG] [ne.mi.fm.lo.MCPNamingService/CORE]: Loaded 31003 field mappings from fields.csv
[23:57:05] [main/DEBUG] [cp.mo.mo.TransformationServicesHandler/MODLAUNCHER]: Transformation services loading transformers
[23:57:05] [main/DEBUG] [cp.mo.mo.TransformationServiceDecorator/MODLAUNCHER]: Initializing transformers for transformation service mixin
[23:57:05] [main/DEBUG] [cp.mo.mo.TransformationServiceDecorator/MODLAUNCHER]: Initialized transformers for transformation service mixin
[23:57:05] [main/DEBUG] [cp.mo.mo.TransformationServiceDecorator/MODLAUNCHER]: Initializing transformers for transformation service fml
[23:57:05] [main/DEBUG] [ne.mi.fm.lo.FMLServiceProvider/CORE]: Loading coremod transformers
[23:57:05] [main/DEBUG] [ne.mi.co.CoreModEngine/COREMOD]: Loading CoreMod from coremods/field_to_method.js
[23:57:06] [main/DEBUG] [ne.mi.co.CoreModEngine/COREMOD]: CoreMod loaded successfully
[23:57:06] [main/DEBUG] [ne.mi.co.CoreModEngine/COREMOD]: Loading CoreMod from coremods/field_to_instanceof.js
[23:57:06] [main/DEBUG] [ne.mi.co.CoreModEngine/COREMOD]: CoreMod loaded successfully
[23:57:06] [main/DEBUG] [ne.mi.co.CoreModEngine/COREMOD]: Loading CoreMod from coremods/add_bouncer_method.js
[23:57:06] [main/DEBUG] [ne.mi.co.CoreModEngine/COREMOD]: CoreMod loaded successfully
[23:57:06] [main/DEBUG] [ne.mi.co.CoreModEngine/COREMOD]: Loading CoreMod from coremods/method_redirector.js
[23:57:06] [main/DEBUG] [ne.mi.co.CoreModEngine/COREMOD]: CoreMod loaded successfully
[23:57:06] [main/DEBUG] [cp.mo.mo.TransformStore/MODLAUNCHER]: Adding transformer net.minecraftforge.coremod.transformer.CoreModClassTransformer@6587305a to Target : CLASS {Lnet/minecraft/world/level/biome/Biome;} {} {V}
[23:57:06] [main/DEBUG] [cp.mo.mo.TransformStore/MODLAUNCHER]: Adding transformer net.minecraftforge.coremod.transformer.CoreModClassTransformer@4a3bd45b to Target : CLASS {Lnet/minecraft/world/level/levelgen/structure/Structure;} {} {V}
[23:57:06] [main/DEBUG] [cp.mo.mo.TransformStore/MODLAUNCHER]: Adding transformer net.minecraftforge.coremod.transformer.CoreModClassTransformer@34c70b5e to Target : CLASS {Lnet/minecraft/world/effect/MobEffectInstance;} {} {V}
[23:57:06] [main/DEBUG] [cp.mo.mo.TransformStore/MODLAUNCHER]: Adding transformer net.minecraftforge.coremod.transformer.CoreModClassTransformer@4f2d995e to Target : CLASS {Lnet/minecraft/world/level/block/LiquidBlock;} {} {V}
[23:57:06] [main/DEBUG] [cp.mo.mo.TransformStore/MODLAUNCHER]: Adding transformer net.minecraftforge.coremod.transformer.CoreModClassTransformer@75156240 to Target : CLASS {Lnet/minecraft/world/item/BucketItem;} {} {V}
[23:57:06] [main/DEBUG] [cp.mo.mo.TransformStore/MODLAUNCHER]: Adding transformer net.minecraftforge.coremod.transformer.CoreModClassTransformer@6198e9b5 to Target : CLASS {Lnet/minecraft/world/level/block/StairBlock;} {} {V}
[23:57:06] [main/DEBUG] [cp.mo.mo.TransformStore/MODLAUNCHER]: Adding transformer net.minecraftforge.coremod.transformer.CoreModClassTransformer@6d099323 to Target : CLASS {Lnet/minecraft/world/level/block/FlowerPotBlock;} {} {V}
[23:57:06] [main/DEBUG] [cp.mo.mo.TransformStore/MODLAUNCHER]: Adding transformer net.minecraftforge.coremod.transformer.CoreModClassTransformer@4ecd00b5 to Target : CLASS {Lnet/minecraft/world/item/ItemStack;} {} {V}
[23:57:06] [main/DEBUG] [cp.mo.mo.TransformStore/MODLAUNCHER]: Adding transformer net.minecraftforge.coremod.transformer.CoreModClassTransformer@10947c4e to Target : CLASS {Lnet/minecraft/network/play/client/CClientSettingsPacket;} {} {V}
[23:57:06] [main/DEBUG] [cp.mo.mo.TransformStore/MODLAUNCHER]: Adding transformer net.minecraftforge.coremod.transformer.CoreModClassTransformer@3667faa8 to Target : CLASS {Lnet/minecraft/world/level/levelgen/structure/structures/SwampHutPiece;} {} {V}
[23:57:06] [main/DEBUG] [cp.mo.mo.TransformStore/MODLAUNCHER]: Adding transformer net.minecraftforge.coremod.transformer.CoreModClassTransformer@3667faa8 to Target : CLASS {Lnet/minecraft/world/level/levelgen/structure/structures/OceanRuinPieces$OceanRuinPiece;} {} {V}
[23:57:06] [main/DEBUG] [cp.mo.mo.TransformStore/MODLAUNCHER]: Adding transformer net.minecraftforge.coremod.transformer.CoreModClassTransformer@3667faa8 to Target : CLASS {Lnet/minecraft/world/entity/EntityType;} {} {V}
[23:57:06] [main/DEBUG] [cp.mo.mo.TransformStore/MODLAUNCHER]: Adding transformer net.minecraftforge.coremod.transformer.CoreModClassTransformer@3667faa8 to Target : CLASS {Lnet/minecraft/world/entity/monster/Strider;} {} {V}
[23:57:06] [main/DEBUG] [cp.mo.mo.TransformStore/MODLAUNCHER]: Adding transformer net.minecraftforge.coremod.transformer.CoreModClassTransformer@3667faa8 to Target : CLASS {Lnet/minecraft/world/level/NaturalSpawner;} {} {V}
[23:57:06] [main/DEBUG] [cp.mo.mo.TransformStore/MODLAUNCHER]: Adding transformer net.minecraftforge.coremod.transformer.CoreModClassTransformer@3667faa8 to Target : CLASS {Lnet/minecraft/world/entity/monster/ZombieVillager;} {} {V}
[23:57:06] [main/DEBUG] [cp.mo.mo.TransformStore/MODLAUNCHER]: Adding transformer net.minecraftforge.coremod.transformer.CoreModClassTransformer@3667faa8 to Target : CLASS {Lnet/minecraft/world/level/levelgen/structure/templatesystem/StructureTemplate;} {} {V}
[23:57:06] [main/DEBUG] [cp.mo.mo.TransformStore/MODLAUNCHER]: Adding transformer net.minecraftforge.coremod.transformer.CoreModClassTransformer@3667faa8 to Target : CLASS {Lnet/minecraft/world/entity/raid/Raid;} {} {V}
[23:57:06] [main/DEBUG] [cp.mo.mo.TransformStore/MODLAUNCHER]: Adding transformer net.minecraftforge.coremod.transformer.CoreModClassTransformer@3667faa8 to Target : CLASS {Lnet/minecraft/world/entity/npc/CatSpawner;} {} {V}
[23:57:06] [main/DEBUG] [cp.mo.mo.TransformStore/MODLAUNCHER]: Adding transformer net.minecraftforge.coremod.transformer.CoreModClassTransformer@3667faa8 to Target : CLASS {Lnet/minecraft/world/entity/monster/Zombie;} {} {V}
[23:57:06] [main/DEBUG] [cp.mo.mo.TransformStore/MODLAUNCHER]: Adding transformer net.minecraftforge.coremod.transformer.CoreModClassTransformer@3667faa8 to Target : CLASS {Lnet/minecraft/server/commands/RaidCommand;} {} {V}
[23:57:06] [main/DEBUG] [cp.mo.mo.TransformStore/MODLAUNCHER]: Adding transformer net.minecraftforge.coremod.transformer.CoreModClassTransformer@3667faa8 to Target : CLASS {Lnet/minecraft/world/level/levelgen/PatrolSpawner;} {} {V}
[23:57:06] [main/DEBUG] [cp.mo.mo.TransformStore/MODLAUNCHER]: Adding transformer net.minecraftforge.coremod.transformer.CoreModClassTransformer@3667faa8 to Target : CLASS {Lnet/minecraft/server/commands/SummonCommand;} {} {V}
[23:57:06] [main/DEBUG] [cp.mo.mo.TransformStore/MODLAUNCHER]: Adding transformer net.minecraftforge.coremod.transformer.CoreModClassTransformer@3667faa8 to Target : CLASS {Lnet/minecraft/world/entity/npc/Villager;} {} {V}
[23:57:06] [main/DEBUG] [cp.mo.mo.TransformStore/MODLAUNCHER]: Adding transformer net.minecraftforge.coremod.transformer.CoreModClassTransformer@3667faa8 to Target : CLASS {Lnet/minecraft/world/entity/monster/Evoker$EvokerSummonSpellGoal;} {} {V}
[23:57:06] [main/DEBUG] [cp.mo.mo.TransformStore/MODLAUNCHER]: Adding transformer net.minecraftforge.coremod.transformer.CoreModClassTransformer@3667faa8 to Target : CLASS {Lnet/minecraft/world/entity/monster/Spider;} {} {V}
[23:57:06] [main/DEBUG] [cp.mo.mo.TransformStore/MODLAUNCHER]: Adding transformer net.minecraftforge.coremod.transformer.CoreModClassTransformer@3667faa8 to Target : CLASS {Lnet/minecraft/world/level/levelgen/PhantomSpawner;} {} {V}
[23:57:06] [main/DEBUG] [cp.mo.mo.TransformStore/MODLAUNCHER]: Adding transformer net.minecraftforge.coremod.transformer.CoreModClassTransformer@3667faa8 to Target : CLASS {Lnet/minecraft/world/entity/animal/horse/SkeletonTrapGoal;} {} {V}
[23:57:06] [main/DEBUG] [cp.mo.mo.TransformStore/MODLAUNCHER]: Adding transformer net.minecraftforge.coremod.transformer.CoreModClassTransformer@3667faa8 to Target : CLASS {Lnet/minecraft/world/level/levelgen/structure/structures/OceanMonumentPieces$OceanMonumentPiece;} {} {V}
[23:57:06] [main/DEBUG] [cp.mo.mo.TransformStore/MODLAUNCHER]: Adding transformer net.minecraftforge.coremod.transformer.CoreModClassTransformer@3667faa8 to Target : CLASS {Lnet/minecraft/world/entity/ai/village/VillageSiege;} {} {V}
[23:57:06] [main/DEBUG] [cp.mo.mo.TransformStore/MODLAUNCHER]: Adding transformer net.minecraftforge.coremod.transformer.CoreModClassTransformer@3667faa8 to Target : CLASS {Lnet/minecraft/world/entity/animal/frog/Tadpole;} {} {V}
[23:57:06] [main/DEBUG] [cp.mo.mo.TransformStore/MODLAUNCHER]: Adding transformer net.minecraftforge.coremod.transformer.CoreModClassTransformer@3667faa8 to Target : CLASS {Lnet/minecraft/world/level/levelgen/structure/structures/WoodlandMansionPieces$WoodlandMansionPiece;} {} {V}
[23:57:06] [main/DEBUG] [cp.mo.mo.TransformationServiceDecorator/MODLAUNCHER]: Initialized transformers for transformation service fml
[23:57:06] [main/DEBUG] [mixin/]: Processing prepare() for PlatformAgent[MixinPlatformAgentDefault:ModLauncher Root Container(ModLauncher:4f56a0a2)]
[23:57:06] [main/DEBUG] [mixin/]: Processing launch tasks for PlatformAgent[MixinPlatformAgentDefault:ModLauncher Root Container(ModLauncher:4f56a0a2)]
[23:57:06] [main/DEBUG] [mixin/]: Adding mixin platform agents for container SecureJarResource(minecraft)
[23:57:06] [main/DEBUG] [mixin/]: Instancing new MixinPlatformAgentMinecraftForge for SecureJarResource(minecraft)
[23:57:06] [main/DEBUG] [mixin/]: MixinPlatformAgentMinecraftForge rejected container SecureJarResource(minecraft)
[23:57:06] [main/DEBUG] [mixin/]: Instancing new MixinPlatformAgentDefault for SecureJarResource(minecraft)
[23:57:06] [main/DEBUG] [mixin/]: MixinPlatformAgentDefault accepted container SecureJarResource(minecraft)
[23:57:06] [main/DEBUG] [mixin/]: Processing prepare() for PlatformAgent[MixinPlatformAgentDefault:SecureJarResource(minecraft)]
[23:57:06] [main/DEBUG] [mixin/]: Adding mixin platform agents for container SecureJarResource(thirst)
[23:57:06] [main/DEBUG] [mixin/]: Instancing new MixinPlatformAgentMinecraftForge for SecureJarResource(thirst)
[23:57:06] [main/DEBUG] [mixin/]: MixinPlatformAgentMinecraftForge rejected container SecureJarResource(thirst)
[23:57:06] [main/DEBUG] [mixin/]: Instancing new MixinPlatformAgentDefault for SecureJarResource(thirst)
[23:57:06] [main/DEBUG] [mixin/]: MixinPlatformAgentDefault accepted container SecureJarResource(thirst)
[23:57:06] [main/DEBUG] [mixin/]: Processing prepare() for PlatformAgent[MixinPlatformAgentDefault:SecureJarResource(thirst)]
[23:57:06] [main/DEBUG] [mixin/]: Registering mixin config: thirst.mixin.json
[23:57:07] [main/DEBUG] [mixin/]: Compatibility level JAVA_17 specified by thirst.mixin.json is higher than the maximum level supported by this version of mixin (JAVA_13).
[23:57:07] [main/INFO] [mixin/]: Compatibility level set to JAVA_17
[23:57:07] [main/DEBUG] [mixin/]: Adding mixin platform agents for container SecureJarResource(forge)
[23:57:07] [main/DEBUG] [mixin/]: Instancing new MixinPlatformAgentMinecraftForge for SecureJarResource(forge)
[23:57:07] [main/DEBUG] [mixin/]: MixinPlatformAgentMinecraftForge rejected container SecureJarResource(forge)
[23:57:07] [main/DEBUG] [mixin/]: Instancing new MixinPlatformAgentDefault for SecureJarResource(forge)
[23:57:07] [main/DEBUG] [mixin/]: MixinPlatformAgentDefault accepted container SecureJarResource(forge)
[23:57:07] [main/DEBUG] [mixin/]: Processing prepare() for PlatformAgent[MixinPlatformAgentDefault:SecureJarResource(forge)]
[23:57:07] [main/DEBUG] [mixin/]: Adding mixin platform agents for container SecureJarResource(curios)
[23:57:07] [main/DEBUG] [mixin/]: Instancing new MixinPlatformAgentMinecraftForge for SecureJarResource(curios)
[23:57:07] [main/DEBUG] [mixin/]: MixinPlatformAgentMinecraftForge rejected container SecureJarResource(curios)
[23:57:07] [main/DEBUG] [mixin/]: Instancing new MixinPlatformAgentDefault for SecureJarResource(curios)
[23:57:07] [main/DEBUG] [mixin/]: MixinPlatformAgentDefault accepted container SecureJarResource(curios)
[23:57:07] [main/DEBUG] [mixin/]: Processing prepare() for PlatformAgent[MixinPlatformAgentDefault:SecureJarResource(curios)]
[23:57:07] [main/DEBUG] [mixin/]: Registering mixin config: curios.mixins.json
[23:57:07] [main/DEBUG] [mixin/]: Adding mixin platform agents for container SecureJarResource(geckolib)
[23:57:07] [main/DEBUG] [mixin/]: Instancing new MixinPlatformAgentMinecraftForge for SecureJarResource(geckolib)
[23:57:07] [main/DEBUG] [mixin/]: MixinPlatformAgentMinecraftForge rejected container SecureJarResource(geckolib)
[23:57:07] [main/DEBUG] [mixin/]: Instancing new MixinPlatformAgentDefault for SecureJarResource(geckolib)
[23:57:07] [main/DEBUG] [mixin/]: MixinPlatformAgentDefault accepted container SecureJarResource(geckolib)
[23:57:07] [main/DEBUG] [mixin/]: Processing prepare() for PlatformAgent[MixinPlatformAgentDefault:SecureJarResource(geckolib)]
[23:57:07] [main/DEBUG] [mixin/]: Registering mixin config: geckolib.mixins.json
[23:57:07] [main/DEBUG] [mixin/]: Adding mixin platform agents for container SecureJarResource(jei)
[23:57:07] [main/DEBUG] [mixin/]: Instancing new MixinPlatformAgentMinecraftForge for SecureJarResource(jei)
[23:57:07] [main/DEBUG] [mixin/]: MixinPlatformAgentMinecraftForge rejected container SecureJarResource(jei)
[23:57:07] [main/DEBUG] [mixin/]: Instancing new MixinPlatformAgentDefault for SecureJarResource(jei)
[23:57:07] [main/DEBUG] [mixin/]: MixinPlatformAgentDefault accepted container SecureJarResource(jei)
[23:57:07] [main/DEBUG] [mixin/]: Processing prepare() for PlatformAgent[MixinPlatformAgentDefault:SecureJarResource(jei)]
[23:57:07] [main/DEBUG] [mixin/]: Adding mixin platform agents for container SecureJarResource(eternal_trinkets)
[23:57:07] [main/DEBUG] [mixin/]: Instancing new MixinPlatformAgentMinecraftForge for SecureJarResource(eternal_trinkets)
[23:57:07] [main/DEBUG] [mixin/]: MixinPlatformAgentMinecraftForge rejected container SecureJarResource(eternal_trinkets)
[23:57:07] [main/DEBUG] [mixin/]: Instancing new MixinPlatformAgentDefault for SecureJarResource(eternal_trinkets)
[23:57:07] [main/DEBUG] [mixin/]: MixinPlatformAgentDefault accepted container SecureJarResource(eternal_trinkets)
[23:57:07] [main/DEBUG] [mixin/]: Processing prepare() for PlatformAgent[MixinPlatformAgentDefault:SecureJarResource(eternal_trinkets)]
[23:57:07] [main/DEBUG] [mixin/]: Adding mixin platform agents for container SecureJarResource(mclib)
[23:57:07] [main/DEBUG] [mixin/]: Instancing new MixinPlatformAgentMinecraftForge for SecureJarResource(mclib)
[23:57:07] [main/DEBUG] [mixin/]: MixinPlatformAgentMinecraftForge rejected container SecureJarResource(mclib)
[23:57:07] [main/DEBUG] [mixin/]: Instancing new MixinPlatformAgentDefault for SecureJarResource(mclib)
[23:57:07] [main/DEBUG] [mixin/]: MixinPlatformAgentDefault accepted container SecureJarResource(mclib)
[23:57:07] [main/DEBUG] [mixin/]: Processing prepare() for PlatformAgent[MixinPlatformAgentDefault:SecureJarResource(mclib)]
[23:57:07] [main/DEBUG] [mixin/]: inject() running with 9 agents
[23:57:07] [main/DEBUG] [mixin/]: Processing inject() for PlatformAgent[MixinPlatformAgentDefault:ModLauncher Root Container(ModLauncher:4f56a0a2)]
[23:57:07] [main/DEBUG] [mixin/]: Processing inject() for PlatformAgent[MixinPlatformAgentDefault:SecureJarResource(minecraft)]
[23:57:07] [main/DEBUG] [mixin/]: Processing inject() for PlatformAgent[MixinPlatformAgentDefault:SecureJarResource(thirst)]
[23:57:07] [main/DEBUG] [mixin/]: Processing inject() for PlatformAgent[MixinPlatformAgentDefault:SecureJarResource(forge)]
[23:57:07] [main/DEBUG] [mixin/]: Processing inject() for PlatformAgent[MixinPlatformAgentDefault:SecureJarResource(curios)]
[23:57:07] [main/DEBUG] [mixin/]: Processing inject() for PlatformAgent[MixinPlatformAgentDefault:SecureJarResource(geckolib)]
[23:57:07] [main/DEBUG] [mixin/]: Processing inject() for PlatformAgent[MixinPlatformAgentDefault:SecureJarResource(jei)]
[23:57:07] [main/DEBUG] [mixin/]: Processing inject() for PlatformAgent[MixinPlatformAgentDefault:SecureJarResource(eternal_trinkets)]
[23:57:07] [main/DEBUG] [mixin/]: Processing inject() for PlatformAgent[MixinPlatformAgentDefault:SecureJarResource(mclib)]
[23:57:07] [main/INFO] [cp.mo.mo.LaunchServiceHandler/MODLAUNCHER]: Launching target 'forgeclientuserdev' with arguments [--version, MOD_DEV, --gameDir, ., --assetsDir, C:\Users\wzx18\.gradle\caches\forge_gradle\assets, --assetIndex, 5]
[23:57:07] [main/DEBUG] [mixin/]: Error cleaning class output directory: .mixin.out
[23:57:07] [main/DEBUG] [mixin/]: Preparing mixins for MixinEnvironment[DEFAULT]
[23:57:07] [main/DEBUG] [mixin/]: Selecting config thirst.mixin.json
[23:57:07] [main/INFO] [mixin/]: Remapping refMap thirst.refmap.json using D:\ModIMade\eternal_trinkets\build\createSrgToMcp\output.srg
[23:57:07] [main/DEBUG] [mixin/]: Selecting config curios.mixins.json
[23:57:07] [main/INFO] [mixin/]: Remapping refMap curios.refmap.json using D:\ModIMade\eternal_trinkets\build\createSrgToMcp\output.srg
[23:57:07] [main/DEBUG] [mixin/]: Selecting config geckolib.mixins.json
[23:57:07] [main/INFO] [mixin/]: Remapping refMap geckolib.refmap.json using D:\ModIMade\eternal_trinkets\build\createSrgToMcp\output.srg
[23:57:07] [main/DEBUG] [mixin/]: Preparing thirst.mixin.json (19)
[23:57:07] [main/DEBUG] [ne.mi.co.tr.CoreModBaseTransformer/COREMOD]: Transforming net/minecraft/world/item/BucketItem
[23:57:07] [main/DEBUG] [ne.mi.co.tr.CoreModBaseTransformer/COREMOD]: Transforming net/minecraft/world/item/ItemStack
[23:57:07] [main/WARN] [mixin/]: Error loading class: com/simibubi/create/content/fluids/transfer/FluidDrainingBehaviour (java.lang.ClassNotFoundException: com.simibubi.create.content.fluids.transfer.FluidDrainingBehaviour)
[23:57:07] [main/WARN] [mixin/]: @Mixin target com.simibubi.create.content.fluids.transfer.FluidDrainingBehaviour was not found thirst.mixin.json:accessors.create.IFluidDrainingBehaviourAccessor
[23:57:07] [main/WARN] [mixin/]: Error loading class: com/simibubi/create/content/processing/basin/BasinRecipe (java.lang.ClassNotFoundException: com.simibubi.create.content.processing.basin.BasinRecipe)
[23:57:07] [main/WARN] [mixin/]: @Mixin target com.simibubi.create.content.processing.basin.BasinRecipe was not found thirst.mixin.json:create.MixinBasinRecipe
[23:57:07] [main/WARN] [mixin/]: Error loading class: com/simibubi/create/content/fluids/spout/FillingBySpout (java.lang.ClassNotFoundException: com.simibubi.create.content.fluids.spout.FillingBySpout)
[23:57:07] [main/WARN] [mixin/]: @Mixin target com.simibubi.create.content.fluids.spout.FillingBySpout was not found thirst.mixin.json:create.MixinFillingBySpout
[23:57:07] [main/WARN] [mixin/]: Error loading class: com/simibubi/create/content/fluids/transfer/FluidDrainingBehaviour (java.lang.ClassNotFoundException: com.simibubi.create.content.fluids.transfer.FluidDrainingBehaviour)
[23:57:07] [main/WARN] [mixin/]: @Mixin target com.simibubi.create.content.fluids.transfer.FluidDrainingBehaviour was not found thirst.mixin.json:create.MixinFluidDrainingBehaviour
[23:57:07] [main/WARN] [mixin/]: Error loading class: com/simibubi/create/content/fluids/transfer/GenericItemEmptying (java.lang.ClassNotFoundException: com.simibubi.create.content.fluids.transfer.GenericItemEmptying)
[23:57:07] [main/WARN] [mixin/]: @Mixin target com.simibubi.create.content.fluids.transfer.GenericItemEmptying was not found thirst.mixin.json:create.MixinGenericItemEmptying
[23:57:07] [main/WARN] [mixin/]: Error loading class: com/simibubi/create/content/fluids/transfer/GenericItemFilling (java.lang.ClassNotFoundException: com.simibubi.create.content.fluids.transfer.GenericItemFilling)
[23:57:07] [main/WARN] [mixin/]: @Mixin target com.simibubi.create.content.fluids.transfer.GenericItemFilling was not found thirst.mixin.json:create.MixinGenericItemFilling
[23:57:07] [main/WARN] [mixin/]: Error loading class: com/simibubi/create/content/fluids/OpenEndedPipe (java.lang.ClassNotFoundException: com.simibubi.create.content.fluids.OpenEndedPipe)
[23:57:07] [main/WARN] [mixin/]: @Mixin target com.simibubi.create.content.fluids.OpenEndedPipe was not found thirst.mixin.json:create.MixinOpenEndedPipe
[23:57:07] [main/WARN] [mixin/]: Error loading class: toughasnails/item/EmptyCanteenItem (java.lang.ClassNotFoundException: toughasnails.item.EmptyCanteenItem)
[23:57:07] [main/WARN] [mixin/]: @Mixin target toughasnails.item.EmptyCanteenItem was not found thirst.mixin.json:toughasnails.MixinEmptyCanteenItem
[23:57:07] [main/WARN] [mixin/]: Error loading class: toughasnails/config/ServerConfig (java.lang.ClassNotFoundException: toughasnails.config.ServerConfig)
[23:57:07] [main/WARN] [mixin/]: @Mixin target toughasnails.config.ServerConfig was not found thirst.mixin.json:toughasnails.MixinServerConfig
[23:57:07] [main/WARN] [mixin/]: Error loading class: toughasnails/thirst/ThirstHandler (java.lang.ClassNotFoundException: toughasnails.thirst.ThirstHandler)
[23:57:07] [main/WARN] [mixin/]: @Mixin target toughasnails.thirst.ThirstHandler was not found thirst.mixin.json:toughasnails.MixinThirstHandler
[23:57:07] [main/WARN] [mixin/]: Error loading class: toughasnails/thirst/ThirstHelperImpl (java.lang.ClassNotFoundException: toughasnails.thirst.ThirstHelperImpl)
[23:57:07] [main/WARN] [mixin/]: @Mixin target toughasnails.thirst.ThirstHelperImpl was not found thirst.mixin.json:toughasnails.MixinThirstHelperImpl
[23:57:07] [main/WARN] [mixin/]: Error loading class: toughasnails/client/handler/TooltipHandler (java.lang.ClassNotFoundException: toughasnails.client.handler.TooltipHandler)
[23:57:07] [main/WARN] [mixin/]: @Mixin target toughasnails.client.handler.TooltipHandler was not found thirst.mixin.json:toughasnails.MixinTooltipHandler
[23:57:07] [main/DEBUG] [mixin/]: Preparing curios.mixins.json (13)
[23:57:07] [main/DEBUG] [mixin/]: Preparing geckolib.mixins.json (1)
[23:57:07] [main/DEBUG] [mixin/]: Registering new injector for @Inject with org.spongepowered.asm.mixin.injection.struct.CallbackInjectionInfo
[23:57:07] [main/DEBUG] [mixin/]: Registering new injector for @ModifyArg with org.spongepowered.asm.mixin.injection.struct.ModifyArgInjectionInfo
[23:57:07] [main/DEBUG] [mixin/]: Registering new injector for @ModifyArgs with org.spongepowered.asm.mixin.injection.struct.ModifyArgsInjectionInfo
[23:57:07] [main/DEBUG] [mixin/]: Registering new injector for @Redirect with org.spongepowered.asm.mixin.injection.struct.RedirectInjectionInfo
[23:57:07] [main/DEBUG] [mixin/]: Registering new injector for @ModifyVariable with org.spongepowered.asm.mixin.injection.struct.ModifyVariableInjectionInfo
[23:57:07] [main/DEBUG] [mixin/]: Registering new injector for @ModifyConstant with org.spongepowered.asm.mixin.injection.struct.ModifyConstantInjectionInfo
[23:57:07] [main/DEBUG] [mixin/]: Prepared 21 mixins in 0.535 sec (25.5ms avg) (0ms load, 0ms transform, 0ms plugin)
[23:57:08] [main/DEBUG] [io.ne.ut.in.lo.InternalLoggerFactory/]: Using SLF4J as the default logging framework
[23:57:08] [main/DEBUG] [io.ne.ut.ResourceLeakDetector/]: -Dio.netty.leakDetection.level: simple
[23:57:08] [main/DEBUG] [io.ne.ut.ResourceLeakDetector/]: -Dio.netty.leakDetection.targetRecords: 4
[23:57:08] [main/DEBUG] [os.ut.FileUtil/]: No oshi.properties file found from ClassLoader cpw.mods.modlauncher.TransformingClassLoader@1fedf0a4
[23:57:08] [main/DEBUG] [os.ut.FileUtil/]: No oshi.architecture.properties file found from ClassLoader cpw.mods.modlauncher.TransformingClassLoader@1fedf0a4
[23:57:09] [main/DEBUG] [mixin/]: Mixing MixinBootstrap from thirst.mixin.json into net.minecraft.server.Bootstrap
[23:57:09] [main/DEBUG] [mixin/]: Renaming synthetic method lambda$modifyCauldronInteractions$2(Lnet/minecraft/world/level/block/state/BlockState;Lnet/minecraft/world/level/Level;Lnet/minecraft/core/BlockPos;Lnet/minecraft/world/entity/player/Player;Lnet/minecraft/world/InteractionHand;Lnet/minecraft/world/item/ItemStack;)Lnet/minecraft/world/InteractionResult; to mda616bf$lambda$modifyCauldronInteractions$2$0 in thirst.mixin.json:MixinBootstrap
[23:57:09] [main/DEBUG] [mixin/]: Renaming synthetic method lambda$modifyCauldronInteractions$1(Lnet/minecraft/world/level/block/state/BlockState;)Z to mda616bf$lambda$modifyCauldronInteractions$1$1 in thirst.mixin.json:MixinBootstrap
[23:57:09] [main/DEBUG] [mixin/]: Renaming synthetic method lambda$modifyCauldronInteractions$0(Lnet/minecraft/world/level/block/state/BlockState;Lnet/minecraft/world/level/Level;Lnet/minecraft/core/BlockPos;Lnet/minecraft/world/entity/player/Player;Lnet/minecraft/world/InteractionHand;Lnet/minecraft/world/item/ItemStack;)Lnet/minecraft/world/InteractionResult; to mda616bf$lambda$modifyCauldronInteractions$0$2 in thirst.mixin.json:MixinBootstrap
[23:57:09] [pool-4-thread-1/DEBUG] [mixin/]: Mixing AccessorEntity from curios.mixins.json into net.minecraft.world.entity.Entity
[23:57:09] [pool-4-thread-1/DEBUG] [mixin/]: Mixing MixinLivingEntity from curios.mixins.json into net.minecraft.world.entity.LivingEntity
[23:57:09] [pool-4-thread-1/DEBUG] [ne.mi.co.tr.CoreModBaseTransformer/COREMOD]: Transforming net/minecraft/world/entity/EntityType
[23:57:10] [pool-4-thread-1/DEBUG] [ne.mi.co.tr.CoreModBaseTransformer/COREMOD]: Transforming net/minecraft/world/level/block/LiquidBlock
[23:57:10] [pool-4-thread-1/DEBUG] [ne.mi.co.tr.CoreModBaseTransformer/COREMOD]: Transforming net/minecraft/world/level/block/StairBlock
[23:57:10] [pool-4-thread-1/DEBUG] [mixin/]: Mixing MixinLayeredCauldronBlock from thirst.mixin.json into net.minecraft.world.level.block.LayeredCauldronBlock
[23:57:10] [pool-4-thread-1/DEBUG] [ne.mi.co.tr.CoreModBaseTransformer/COREMOD]: Transforming net/minecraft/world/level/block/FlowerPotBlock
[23:57:10] [pool-4-thread-1/DEBUG] [mixin/]: Mixing MixinPowderSnowBlock from curios.mixins.json into net.minecraft.world.level.block.PowderSnowBlock
[23:57:11] [pool-4-thread-1/DEBUG] [ne.mi.co.tr.CoreModBaseTransformer/COREMOD]: Transforming net/minecraft/world/item/ItemStack
[23:57:11] [pool-4-thread-1/DEBUG] [mixin/]: Mixing MixinItemStack from thirst.mixin.json into net.minecraft.world.item.ItemStack
[23:57:11] [pool-4-thread-1/DEBUG] [mixin/]: Mixing MixinCampfireBlockEntity from thirst.mixin.json into net.minecraft.world.level.block.entity.CampfireBlockEntity
[23:57:11] [pool-4-thread-1/DEBUG] [ne.mi.co.tr.CoreModBaseTransformer/COREMOD]: Transforming net/minecraft/world/entity/animal/frog/Tadpole
[23:57:11] [pool-4-thread-1/DEBUG] [ne.mi.co.tr.CoreModBaseTransformer/COREMOD]: Transforming net/minecraft/world/item/BucketItem
[23:57:11] [pool-4-thread-1/DEBUG] [mixin/]: Mixing MixinBucketItem from thirst.mixin.json into net.minecraft.world.item.BucketItem
[23:57:11] [pool-4-thread-1/DEBUG] [mixin/]: Mixing MixinShearsItem from curios.mixins.json into net.minecraft.world.item.ShearsItem
[23:57:11] [pool-4-thread-1/DEBUG] [mixin/]: Mixing MixinBottleItem from thirst.mixin.json into net.minecraft.world.item.BottleItem
[23:57:12] [pool-4-thread-1/DEBUG] [ne.mi.co.tr.CoreModBaseTransformer/COREMOD]: Transforming net/minecraft/world/entity/monster/Spider
[23:57:12] [Datafixer Bootstrap/INFO] [mojang/DataFixerBuilder]: 188 Datafixer optimizations took 116 milliseconds
[23:57:12] [pool-4-thread-1/DEBUG] [ne.mi.co.tr.CoreModBaseTransformer/COREMOD]: Transforming net/minecraft/world/entity/monster/Zombie
[23:57:12] [pool-4-thread-1/DEBUG] [ne.mi.co.tr.CoreModBaseTransformer/COREMOD]: Transforming net/minecraft/world/entity/monster/ZombieVillager
[23:57:12] [pool-4-thread-1/DEBUG] [ne.mi.co.tr.CoreModBaseTransformer/COREMOD]: Transforming net/minecraft/world/entity/monster/Evoker$EvokerSummonSpellGoal
[23:57:12] [pool-4-thread-1/DEBUG] [ne.mi.co.tr.CoreModBaseTransformer/COREMOD]: Transforming net/minecraft/world/entity/animal/horse/SkeletonTrapGoal
[23:57:12] [pool-4-thread-1/DEBUG] [ne.mi.co.tr.CoreModBaseTransformer/COREMOD]: Transforming net/minecraft/world/entity/monster/Strider
[23:57:12] [pool-4-thread-1/DEBUG] [ne.mi.co.tr.CoreModBaseTransformer/COREMOD]: Transforming net/minecraft/world/entity/npc/Villager
[23:57:12] [pool-4-thread-1/DEBUG] [ne.mi.co.tr.CoreModBaseTransformer/COREMOD]: Transforming net/minecraft/world/effect/MobEffectInstance
[23:57:12] [pool-4-thread-1/DEBUG] [mixin/]: Mixing MixinInventory from curios.mixins.json into net.minecraft.world.entity.player.Inventory
[23:57:12] [pool-4-thread-1/DEBUG] [mixin/]: Mixing MixinApplyBonusCount from curios.mixins.json into net.minecraft.world.level.storage.loot.functions.ApplyBonusCount
[23:57:13] [pool-4-thread-1/DEBUG] [ne.mi.co.tr.CoreModBaseTransformer/COREMOD]: Transforming net/minecraft/world/level/levelgen/structure/Structure
[23:57:13] [pool-4-thread-1/DEBUG] [ne.mi.co.tr.CoreModBaseTransformer/COREMOD]: Transforming net/minecraft/world/level/levelgen/structure/structures/OceanRuinPieces$OceanRuinPiece
[23:57:13] [pool-4-thread-1/DEBUG] [ne.mi.co.tr.CoreModBaseTransformer/COREMOD]: Transforming net/minecraft/world/level/levelgen/structure/structures/SwampHutPiece
[23:57:13] [pool-4-thread-1/DEBUG] [ne.mi.co.tr.CoreModBaseTransformer/COREMOD]: Transforming net/minecraft/world/level/levelgen/structure/structures/OceanMonumentPieces$OceanMonumentPiece
[23:57:13] [pool-4-thread-1/DEBUG] [ne.mi.co.tr.CoreModBaseTransformer/COREMOD]: Transforming net/minecraft/world/level/levelgen/structure/structures/WoodlandMansionPieces$WoodlandMansionPiece
[23:57:13] [pool-4-thread-1/DEBUG] [ne.mi.co.tr.CoreModBaseTransformer/COREMOD]: Transforming net/minecraft/world/level/biome/Biome
[23:57:13] [pool-4-thread-1/DEBUG] [ne.mi.re.GameData/REGISTRIES]: Creating vanilla freeze snapshot
[23:57:13] [pool-4-thread-1/DEBUG] [ne.mi.re.ForgeRegistry/REGISTRIES]: Registry minecraft:block Sync: VANILLA -> ACTIVE
[23:57:13] [pool-4-thread-1/DEBUG] [ne.mi.re.ForgeRegistry/REGISTRIES]: Registry minecraft:fluid Sync: VANILLA -> ACTIVE
[23:57:13] [pool-4-thread-1/DEBUG] [ne.mi.re.ForgeRegistry/REGISTRIES]: Registry minecraft:item Sync: VANILLA -> ACTIVE
[23:57:13] [pool-4-thread-1/DEBUG] [ne.mi.re.ForgeRegistry/REGISTRIES]: Registry minecraft:mob_effect Sync: VANILLA -> ACTIVE
[23:57:13] [pool-4-thread-1/DEBUG] [ne.mi.re.ForgeRegistry/REGISTRIES]: Registry minecraft:sound_event Sync: VANILLA -> ACTIVE
[23:57:13] [pool-4-thread-1/DEBUG] [ne.mi.re.ForgeRegistry/REGISTRIES]: Registry minecraft:potion Sync: VANILLA -> ACTIVE
[23:57:13] [pool-4-thread-1/DEBUG] [ne.mi.re.ForgeRegistry/REGISTRIES]: Registry minecraft:enchantment Sync: VANILLA -> ACTIVE
[23:57:13] [pool-4-thread-1/DEBUG] [ne.mi.re.ForgeRegistry/REGISTRIES]: Registry minecraft:entity_type Sync: VANILLA -> ACTIVE
[23:57:13] [pool-4-thread-1/DEBUG] [ne.mi.re.ForgeRegistry/REGISTRIES]: Registry minecraft:block_entity_type Sync: VANILLA -> ACTIVE
[23:57:13] [pool-4-thread-1/DEBUG] [ne.mi.re.ForgeRegistry/REGISTRIES]: Registry minecraft:particle_type Sync: VANILLA -> ACTIVE
[23:57:13] [pool-4-thread-1/DEBUG] [ne.mi.re.ForgeRegistry/REGISTRIES]: Registry minecraft:menu Sync: VANILLA -> ACTIVE
[23:57:13] [pool-4-thread-1/DEBUG] [ne.mi.re.ForgeRegistry/REGISTRIES]: Registry minecraft:painting_variant Sync: VANILLA -> ACTIVE
[23:57:13] [pool-4-thread-1/DEBUG] [ne.mi.re.ForgeRegistry/REGISTRIES]: Registry minecraft:recipe_type Sync: VANILLA -> ACTIVE
[23:57:13] [pool-4-thread-1/DEBUG] [ne.mi.re.ForgeRegistry/REGISTRIES]: Registry minecraft:recipe_serializer Sync: VANILLA -> ACTIVE
[23:57:13] [pool-4-thread-1/DEBUG] [ne.mi.re.ForgeRegistry/REGISTRIES]: Registry minecraft:attribute Sync: VANILLA -> ACTIVE
[23:57:13] [pool-4-thread-1/DEBUG] [ne.mi.re.ForgeRegistry/REGISTRIES]: Registry minecraft:stat_type Sync: VANILLA -> ACTIVE
[23:57:13] [pool-4-thread-1/DEBUG] [ne.mi.re.ForgeRegistry/REGISTRIES]: Registry minecraft:command_argument_type Sync: VANILLA -> ACTIVE
[23:57:13] [pool-4-thread-1/DEBUG] [ne.mi.re.ForgeRegistry/REGISTRIES]: Registry minecraft:villager_profession Sync: VANILLA -> ACTIVE
[23:57:13] [pool-4-thread-1/DEBUG] [ne.mi.re.ForgeRegistry/REGISTRIES]: Registry minecraft:point_of_interest_type Sync: VANILLA -> ACTIVE
[23:57:13] [pool-4-thread-1/DEBUG] [ne.mi.re.ForgeRegistry/REGISTRIES]: Registry minecraft:memory_module_type Sync: VANILLA -> ACTIVE
[23:57:13] [pool-4-thread-1/DEBUG] [ne.mi.re.ForgeRegistry/REGISTRIES]: Registry minecraft:sensor_type Sync: VANILLA -> ACTIVE
[23:57:13] [pool-4-thread-1/DEBUG] [ne.mi.re.ForgeRegistry/REGISTRIES]: Registry minecraft:schedule Sync: VANILLA -> ACTIVE
[23:57:13] [pool-4-thread-1/DEBUG] [ne.mi.re.ForgeRegistry/REGISTRIES]: Registry minecraft:activity Sync: VANILLA -> ACTIVE
[23:57:13] [pool-4-thread-1/DEBUG] [ne.mi.re.ForgeRegistry/REGISTRIES]: Registry minecraft:worldgen/carver Sync: VANILLA -> ACTIVE
[23:57:13] [pool-4-thread-1/DEBUG] [ne.mi.re.ForgeRegistry/REGISTRIES]: Registry minecraft:worldgen/feature Sync: VANILLA -> ACTIVE
[23:57:13] [pool-4-thread-1/DEBUG] [ne.mi.re.ForgeRegistry/REGISTRIES]: Registry minecraft:chunk_status Sync: VANILLA -> ACTIVE
[23:57:13] [pool-4-thread-1/DEBUG] [ne.mi.re.ForgeRegistry/REGISTRIES]: Registry minecraft:worldgen/block_state_provider_type Sync: VANILLA -> ACTIVE
[23:57:13] [pool-4-thread-1/DEBUG] [ne.mi.re.ForgeRegistry/REGISTRIES]: Registry minecraft:worldgen/foliage_placer_type Sync: VANILLA -> ACTIVE
[23:57:13] [pool-4-thread-1/DEBUG] [ne.mi.re.ForgeRegistry/REGISTRIES]: Registry minecraft:worldgen/tree_decorator_type Sync: VANILLA -> ACTIVE
[23:57:13] [pool-4-thread-1/DEBUG] [ne.mi.re.ForgeRegistry/REGISTRIES]: Registry minecraft:worldgen/biome Sync: VANILLA -> ACTIVE
[23:57:13] [pool-4-thread-1/DEBUG] [ne.mi.re.GameData/REGISTRIES]: Vanilla freeze snapshot created
[23:57:13] [pool-4-thread-1/DEBUG] [io.ne.ut.in.PlatformDependent0/]: -Dio.netty.noUnsafe: false
[23:57:13] [pool-4-thread-1/DEBUG] [io.ne.ut.in.PlatformDependent0/]: Java version: 17
[23:57:13] [pool-4-thread-1/DEBUG] [io.ne.ut.in.PlatformDependent0/]: sun.misc.Unsafe.theUnsafe: available
[23:57:13] [pool-4-thread-1/DEBUG] [io.ne.ut.in.PlatformDependent0/]: sun.misc.Unsafe.copyMemory: available
[23:57:13] [pool-4-thread-1/DEBUG] [io.ne.ut.in.PlatformDependent0/]: sun.misc.Unsafe.storeFence: available
[23:57:13] [pool-4-thread-1/DEBUG] [io.ne.ut.in.PlatformDependent0/]: java.nio.Buffer.address: available
[23:57:13] [pool-4-thread-1/DEBUG] [io.ne.ut.in.PlatformDependent0/]: direct buffer constructor: unavailable
java.lang.UnsupportedOperationException: Reflective setAccessible(true) disabled
	at io.netty.util.internal.ReflectionUtil.trySetAccessible(ReflectionUtil.java:31) ~[netty-common-4.1.82.Final.jar%23151!/:4.1.82.Final] {}
	at io.netty.util.internal.PlatformDependent0$5.run(PlatformDependent0.java:288) ~[netty-common-4.1.82.Final.jar%23151!/:4.1.82.Final] {}
	at java.security.AccessController.doPrivileged(AccessController.java:318) ~[?:?] {}
	at io.netty.util.internal.PlatformDependent0.<clinit>(PlatformDependent0.java:282) ~[netty-common-4.1.82.Final.jar%23151!/:4.1.82.Final] {}
	at io.netty.util.internal.PlatformDependent.isAndroid(PlatformDependent.java:333) ~[netty-common-4.1.82.Final.jar%23151!/:4.1.82.Final] {}
	at io.netty.util.internal.PlatformDependent.<clinit>(PlatformDependent.java:88) ~[netty-common-4.1.82.Final.jar%23151!/:4.1.82.Final] {}
	at io.netty.util.ConstantPool.<init>(ConstantPool.java:34) ~[netty-common-4.1.82.Final.jar%23151!/:4.1.82.Final] {}
	at io.netty.util.AttributeKey$1.<init>(AttributeKey.java:27) ~[netty-common-4.1.82.Final.jar%23151!/:4.1.82.Final] {}
	at io.netty.util.AttributeKey.<clinit>(AttributeKey.java:27) ~[netty-common-4.1.82.Final.jar%23151!/:4.1.82.Final] {}
	at net.minecraftforge.network.NetworkConstants.<clinit>(NetworkConstants.java:34) ~[forge-1.20.1-47.4.20_mapped_official_1.20.1.jar%23190%23197!/:?] {re:classloading}
	at net.minecraftforge.network.NetworkHooks.init(NetworkHooks.java:52) ~[forge-1.20.1-47.4.20_mapped_official_1.20.1.jar%23190%23197!/:?] {re:classloading}
	at net.minecraft.server.Bootstrap.bootStrap(Bootstrap.java:62) ~[forge-1.20.1-47.4.20_mapped_official_1.20.1.jar%23191!/:?] {re:mixin,re:classloading,pl:mixin:APP:thirst.mixin.json:MixinBootstrap,pl:mixin:A}
	at net.minecraft.client.main.Main.lambda$main$0(Main.java:151) ~[forge-1.20.1-47.4.20_mapped_official_1.20.1.jar%23191!/:?] {re:classloading}
	at java.util.concurrent.Executors$RunnableAdapter.call(Executors.java:539) ~[?:?] {}
	at java.util.concurrent.FutureTask.run(FutureTask.java:264) ~[?:?] {}
	at java.util.concurrent.ThreadPoolExecutor.runWorker(ThreadPoolExecutor.java:1136) ~[?:?] {}
	at java.util.concurrent.ThreadPoolExecutor$Worker.run(ThreadPoolExecutor.java:635) ~[?:?] {}
	at java.lang.Thread.run(Thread.java:842) ~[?:?] {}
[23:57:13] [pool-4-thread-1/DEBUG] [io.ne.ut.in.PlatformDependent0/]: java.nio.Bits.unaligned: available, true
[23:57:13] [pool-4-thread-1/DEBUG] [io.ne.ut.in.PlatformDependent0/]: jdk.internal.misc.Unsafe.allocateUninitializedArray(int): unavailable
java.lang.IllegalAccessException: class io.netty.util.internal.PlatformDependent0$7 (in module io.netty.common) cannot access class jdk.internal.misc.Unsafe (in module java.base) because module java.base does not export jdk.internal.misc to module io.netty.common
	at jdk.internal.reflect.Reflection.newIllegalAccessException(Reflection.java:392) ~[?:?] {}
	at java.lang.reflect.AccessibleObject.checkAccess(AccessibleObject.java:674) ~[?:?] {}
	at java.lang.reflect.Method.invoke(Method.java:560) ~[?:?] {}
	at io.netty.util.internal.PlatformDependent0$7.run(PlatformDependent0.java:410) ~[netty-common-4.1.82.Final.jar%23151!/:4.1.82.Final] {}
	at java.security.AccessController.doPrivileged(AccessController.java:318) ~[?:?] {}
	at io.netty.util.internal.PlatformDependent0.<clinit>(PlatformDependent0.java:401) ~[netty-common-4.1.82.Final.jar%23151!/:4.1.82.Final] {}
	at io.netty.util.internal.PlatformDependent.isAndroid(PlatformDependent.java:333) ~[netty-common-4.1.82.Final.jar%23151!/:4.1.82.Final] {}
	at io.netty.util.internal.PlatformDependent.<clinit>(PlatformDependent.java:88) ~[netty-common-4.1.82.Final.jar%23151!/:4.1.82.Final] {}
	at io.netty.util.ConstantPool.<init>(ConstantPool.java:34) ~[netty-common-4.1.82.Final.jar%23151!/:4.1.82.Final] {}
	at io.netty.util.AttributeKey$1.<init>(AttributeKey.java:27) ~[netty-common-4.1.82.Final.jar%23151!/:4.1.82.Final] {}
	at io.netty.util.AttributeKey.<clinit>(AttributeKey.java:27) ~[netty-common-4.1.82.Final.jar%23151!/:4.1.82.Final] {}
	at net.minecraftforge.network.NetworkConstants.<clinit>(NetworkConstants.java:34) ~[forge-1.20.1-47.4.20_mapped_official_1.20.1.jar%23190%23197!/:?] {re:classloading}
	at net.minecraftforge.network.NetworkHooks.init(NetworkHooks.java:52) ~[forge-1.20.1-47.4.20_mapped_official_1.20.1.jar%23190%23197!/:?] {re:classloading}
	at net.minecraft.server.Bootstrap.bootStrap(Bootstrap.java:62) ~[forge-1.20.1-47.4.20_mapped_official_1.20.1.jar%23191!/:?] {re:mixin,re:classloading,pl:mixin:APP:thirst.mixin.json:MixinBootstrap,pl:mixin:A}
	at net.minecraft.client.main.Main.lambda$main$0(Main.java:151) ~[forge-1.20.1-47.4.20_mapped_official_1.20.1.jar%23191!/:?] {re:classloading}
	at java.util.concurrent.Executors$RunnableAdapter.call(Executors.java:539) ~[?:?] {}
	at java.util.concurrent.FutureTask.run(FutureTask.java:264) ~[?:?] {}
	at java.util.concurrent.ThreadPoolExecutor.runWorker(ThreadPoolExecutor.java:1136) ~[?:?] {}
	at java.util.concurrent.ThreadPoolExecutor$Worker.run(ThreadPoolExecutor.java:635) ~[?:?] {}
	at java.lang.Thread.run(Thread.java:842) ~[?:?] {}
[23:57:13] [pool-4-thread-1/DEBUG] [io.ne.ut.in.PlatformDependent0/]: java.nio.DirectByteBuffer.<init>(long, int): unavailable
[23:57:13] [pool-4-thread-1/DEBUG] [io.ne.ut.in.PlatformDependent/]: sun.misc.Unsafe: available
[23:57:13] [pool-4-thread-1/DEBUG] [io.ne.ut.in.PlatformDependent/]: maxDirectMemory: 4223664128 bytes (maybe)
[23:57:13] [pool-4-thread-1/DEBUG] [io.ne.ut.in.PlatformDependent/]: -Dio.netty.tmpdir: C:\Users\wzx18\AppData\Local\Temp (java.io.tmpdir)
[23:57:13] [pool-4-thread-1/DEBUG] [io.ne.ut.in.PlatformDependent/]: -Dio.netty.bitMode: 64 (sun.arch.data.model)
[23:57:13] [pool-4-thread-1/DEBUG] [io.ne.ut.in.PlatformDependent/]: Platform: Windows
[23:57:13] [pool-4-thread-1/DEBUG] [io.ne.ut.in.PlatformDependent/]: -Dio.netty.maxDirectMemory: -1 bytes
[23:57:13] [pool-4-thread-1/DEBUG] [io.ne.ut.in.PlatformDependent/]: -Dio.netty.uninitializedArrayAllocationThreshold: -1
[23:57:13] [pool-4-thread-1/DEBUG] [io.ne.ut.in.CleanerJava9/]: java.nio.ByteBuffer.cleaner(): available
[23:57:13] [pool-4-thread-1/DEBUG] [io.ne.ut.in.PlatformDependent/]: -Dio.netty.noPreferDirect: false
[23:57:13] [pool-4-thread-1/DEBUG] [ne.mi.ne.NetworkHooks/]: Loading Network data for FML net version: FML3
[23:57:13] [Render thread/WARN] [minecraft/VanillaPackResourcesBuilder]: Assets URL 'union:/D:/ModIMade/eternal_trinkets/build/fg_cache/net/minecraftforge/forge/1.20.1-47.4.20_mapped_official_1.20.1/forge-1.20.1-47.4.20_mapped_official_1.20.1.jar%23191!/assets/.mcassetsroot' uses unexpected schema
[23:57:13] [Render thread/WARN] [minecraft/VanillaPackResourcesBuilder]: Assets URL 'union:/D:/ModIMade/eternal_trinkets/build/fg_cache/net/minecraftforge/forge/1.20.1-47.4.20_mapped_official_1.20.1/forge-1.20.1-47.4.20_mapped_official_1.20.1.jar%23191!/data/.mcassetsroot' uses unexpected schema
[23:57:13] [Render thread/INFO] [mojang/YggdrasilAuthenticationService]: Environment: authHost='https://authserver.mojang.com', accountsHost='https://api.mojang.com', sessionHost='https://sessionserver.mojang.com', servicesHost='https://api.minecraftservices.com', name='PROD'
[23:57:13] [Render thread/INFO] [minecraft/Minecraft]: Setting user: Dev
[23:57:13] [Render thread/INFO] [minecraft/Minecraft]: Backend library: LWJGL version 3.3.1 build 7
[23:57:14] [Render thread/DEBUG] [ne.mi.co.ForgeI18n/CORE]: Loading I18N data entries: 6434
[23:57:14] [Render thread/DEBUG] [ne.mi.fm.ModWorkManager/LOADING]: Using 24 threads for parallel mod-loading
[23:57:14] [Render thread/DEBUG] [ne.mi.fm.ja.FMLJavaModLanguageProvider/LOADING]: Loading FMLModContainer from classloader cpw.mods.modlauncher.TransformingClassLoader@1fedf0a4 - got cpw.mods.cl.ModuleClassLoader@6dd91637
[23:57:14] [Render thread/DEBUG] [ne.mi.fm.ja.FMLModContainer/LOADING]: Creating FMLModContainer instance for dev.ghen.thirst.Thirst
[23:57:14] [Render thread/DEBUG] [ne.mi.fm.ja.FMLJavaModLanguageProvider/LOADING]: Loading FMLModContainer from classloader cpw.mods.modlauncher.TransformingClassLoader@1fedf0a4 - got cpw.mods.cl.ModuleClassLoader@6dd91637
[23:57:14] [Render thread/DEBUG] [ne.mi.fm.ja.FMLModContainer/LOADING]: Creating FMLModContainer instance for net.minecraftforge.common.ForgeMod
[23:57:14] [Render thread/DEBUG] [ne.mi.fm.ja.FMLJavaModLanguageProvider/LOADING]: Loading FMLModContainer from classloader cpw.mods.modlauncher.TransformingClassLoader@1fedf0a4 - got cpw.mods.cl.ModuleClassLoader@6dd91637
[23:57:14] [Render thread/DEBUG] [ne.mi.fm.ja.FMLModContainer/LOADING]: Creating FMLModContainer instance for top.theillusivec4.curios.Curios
[23:57:14] [Render thread/DEBUG] [ne.mi.fm.ja.FMLJavaModLanguageProvider/LOADING]: Loading FMLModContainer from classloader cpw.mods.modlauncher.TransformingClassLoader@1fedf0a4 - got cpw.mods.cl.ModuleClassLoader@6dd91637
[23:57:14] [Render thread/DEBUG] [ne.mi.fm.ja.FMLModContainer/LOADING]: Creating FMLModContainer instance for software.bernie.example.GeckoLibMod
[23:57:14] [Render thread/DEBUG] [ne.mi.fm.ja.FMLJavaModLanguageProvider/LOADING]: Loading FMLModContainer from classloader cpw.mods.modlauncher.TransformingClassLoader@1fedf0a4 - got cpw.mods.cl.ModuleClassLoader@6dd91637
[23:57:14] [Render thread/DEBUG] [ne.mi.fm.ja.FMLModContainer/LOADING]: Creating FMLModContainer instance for mezz.jei.forge.JustEnoughItems
[23:57:14] [Render thread/DEBUG] [ne.mi.fm.ja.FMLJavaModLanguageProvider/LOADING]: Loading FMLModContainer from classloader cpw.mods.modlauncher.TransformingClassLoader@1fedf0a4 - got cpw.mods.cl.ModuleClassLoader@6dd91637
[23:57:14] [Render thread/DEBUG] [ne.mi.fm.ja.FMLModContainer/LOADING]: Creating FMLModContainer instance for com.carrot123.eternal_trinkets.EternalTrinkets
[23:57:14] [modloading-worker-0/DEBUG] [ne.mi.ve.fo.ForgeVersion/CORE]: Forge Version package package net.minecraftforge.versions.forge, Forge, version 47.4 from cpw.mods.modlauncher.TransformingClassLoader@1fedf0a4
[23:57:14] [modloading-worker-0/DEBUG] [ne.mi.ve.fo.ForgeVersion/CORE]: Found Forge version 47.4.20
[23:57:14] [modloading-worker-0/DEBUG] [ne.mi.ve.fo.ForgeVersion/CORE]: Found Forge spec 47.4
[23:57:14] [modloading-worker-0/DEBUG] [ne.mi.ve.fo.ForgeVersion/CORE]: Found Forge group net.minecraftforge
[23:57:14] [modloading-worker-0/DEBUG] [ne.mi.fm.co.ConfigTracker/CONFIG]: Config file eternal_trinkets/mob.toml for eternal_trinkets tracking
[23:57:14] [modloading-worker-0/DEBUG] [ne.mi.ve.mc.MCPVersion/CORE]: MCP Version package package net.minecraftforge.versions.mcp, Minecraft, version 1.20.1 from cpw.mods.modlauncher.TransformingClassLoader@1fedf0a4
[23:57:14] [modloading-worker-0/DEBUG] [ne.mi.fm.co.ConfigTracker/CONFIG]: Config file thirst/item_settings.toml for thirst tracking
[23:57:14] [modloading-worker-0/DEBUG] [ne.mi.fm.co.ConfigTracker/CONFIG]: Config file jei-server.toml for jei tracking
[23:57:14] [modloading-worker-0/DEBUG] [ne.mi.ve.mc.MCPVersion/CORE]: Found MC version information 1.20.1
[23:57:14] [modloading-worker-0/DEBUG] [ne.mi.ve.mc.MCPVersion/CORE]: Found MCP version information 20230612.114412
[23:57:14] [modloading-worker-0/INFO] [ne.mi.co.ForgeMod/FORGEMOD]: Forge mod loading, version 47.4.20, for MC 1.20.1 with MCP 20230612.114412
[23:57:14] [modloading-worker-0/DEBUG] [ne.mi.fm.co.ConfigTracker/CONFIG]: Config file eternal_trinkets/item.toml for eternal_trinkets tracking
[23:57:14] [modloading-worker-0/INFO] [ne.mi.co.MinecraftForge/FORGE]: MinecraftForge v47.4.20 Initialized
[23:57:14] [modloading-worker-0/DEBUG] [ne.mi.fm.co.ConfigTracker/CONFIG]: Config file thirst/common.toml for thirst tracking
[23:57:14] [modloading-worker-0/DEBUG] [ne.mi.fm.co.ConfigTracker/CONFIG]: Config file thirst/client.toml for thirst tracking
[23:57:14] [modloading-worker-0/DEBUG] [ne.mi.fm.co.ConfigTracker/CONFIG]: Config file thirst/keyword.toml for thirst tracking
[23:57:14] [modloading-worker-0/DEBUG] [ne.mi.fm.ja.AutomaticEventSubscriber/LOADING]: Attempting to inject @EventBusSubscriber classes into the eventbus for thirst
[23:57:14] [modloading-worker-0/DEBUG] [ne.mi.fm.ja.AutomaticEventSubscriber/LOADING]: Auto-subscribing dev.ghen.thirst.foundation.util.TickHelper to FORGE
[23:57:14] [modloading-worker-0/DEBUG] [ne.mi.fm.ja.AutomaticEventSubscriber/LOADING]: Auto-subscribing dev.ghen.thirst.content.thirst.PlayerThirstManager to FORGE
[23:57:14] [modloading-worker-0/DEBUG] [ne.mi.fm.co.ConfigTracker/CONFIG]: Config file curios-client.toml for curios tracking
[23:57:14] [modloading-worker-0/DEBUG] [ne.mi.fm.ja.AutomaticEventSubscriber/LOADING]: Auto-subscribing dev.ghen.thirst.content.purity.WaterPurity to FORGE
[23:57:14] [modloading-worker-0/DEBUG] [ne.mi.fm.co.ConfigTracker/CONFIG]: Config file curios-common.toml for curios tracking
[23:57:14] [modloading-worker-0/DEBUG] [ne.mi.fm.co.ConfigTracker/CONFIG]: Config file curios-server.toml for curios tracking
[23:57:14] [modloading-worker-0/DEBUG] [ne.mi.fm.ja.AutomaticEventSubscriber/LOADING]: Attempting to inject @EventBusSubscriber classes into the eventbus for curios
[23:57:14] [modloading-worker-0/DEBUG] [ne.mi.fm.ja.AutomaticEventSubscriber/LOADING]: Auto-subscribing top.theillusivec4.curios.Curios$ClientProxy to MOD
[23:57:14] [modloading-worker-0/DEBUG] [me.je.co.pl.Services/]: Loaded mezz.jei.forge.platform.PlatformHelper@5f528ad7 for service interface mezz.jei.common.platform.IPlatformHelper
[23:57:14] [modloading-worker-0/DEBUG] [ne.mi.fm.ja.AutomaticEventSubscriber/LOADING]: Attempting to inject @EventBusSubscriber classes into the eventbus for geckolib
[23:57:14] [modloading-worker-0/DEBUG] [ne.mi.fm.ja.AutomaticEventSubscriber/LOADING]: Auto-subscribing software.bernie.example.GeckoLibMod to FORGE
[23:57:14] [modloading-worker-0/DEBUG] [ne.mi.fm.ja.AutomaticEventSubscriber/LOADING]: Auto-subscribing software.bernie.example.CommonListener to MOD
[23:57:14] [modloading-worker-0/INFO] [Eternal Trinkets/]: Thirst Was Taken detected — registered water pouch items.
[23:57:14] [modloading-worker-0/DEBUG] [ne.mi.fm.ja.AutomaticEventSubscriber/LOADING]: Auto-subscribing software.bernie.example.ClientListener to MOD
[23:57:14] [modloading-worker-0/DEBUG] [ne.mi.fm.co.ConfigTracker/CONFIG]: Config file forge-client.toml for forge tracking
[23:57:14] [modloading-worker-0/DEBUG] [ne.mi.fm.co.ConfigTracker/CONFIG]: Config file forge-server.toml for forge tracking
[23:57:14] [modloading-worker-0/DEBUG] [ne.mi.fm.ModLoadingContext/]: Attempted to register an empty config for type COMMON on mod forge
[23:57:14] [modloading-worker-0/DEBUG] [ne.mi.fm.ja.AutomaticEventSubscriber/LOADING]: Attempting to inject @EventBusSubscriber classes into the eventbus for forge
[23:57:14] [modloading-worker-0/DEBUG] [ne.mi.fm.ja.AutomaticEventSubscriber/LOADING]: Auto-subscribing net.minecraftforge.common.ForgeSpawnEggItem$CommonHandler to MOD
[23:57:14] [modloading-worker-0/DEBUG] [ne.mi.fm.ja.AutomaticEventSubscriber/LOADING]: Attempting to inject @EventBusSubscriber classes into the eventbus for eternal_trinkets
[23:57:14] [modloading-worker-0/DEBUG] [ne.mi.fm.ja.AutomaticEventSubscriber/LOADING]: Auto-subscribing com.carrot123.eternal_trinkets.client.YinYangRenderHandler$ClientRegistration to MOD
[23:57:14] [modloading-worker-0/DEBUG] [ne.mi.fm.ja.AutomaticEventSubscriber/LOADING]: Auto-subscribing net.minecraftforge.common.ForgeSpawnEggItem$ColorRegisterHandler to MOD
[23:57:14] [modloading-worker-0/DEBUG] [ne.mi.fm.ja.AutomaticEventSubscriber/LOADING]: Auto-subscribing com.carrot123.eternal_trinkets.client.YinYangRenderHandler to FORGE
[23:57:14] [modloading-worker-0/DEBUG] [ne.mi.fm.ja.AutomaticEventSubscriber/LOADING]: Auto-subscribing net.minecraftforge.client.model.data.ModelDataManager to FORGE
[23:57:14] [modloading-worker-0/DEBUG] [ne.mi.fm.ja.AutomaticEventSubscriber/LOADING]: Auto-subscribing net.minecraftforge.client.ForgeHooksClient$ClientEvents to MOD
[23:57:14] [modloading-worker-0/DEBUG] [ne.mi.fm.ja.AutomaticEventSubscriber/LOADING]: Auto-subscribing com.carrot123.eternal_trinkets.client.YinYangSelectedItemNameHandler to FORGE
[23:57:14] [modloading-worker-0/DEBUG] [ne.mi.fm.ja.AutomaticEventSubscriber/LOADING]: Auto-subscribing com.carrot123.eternal_trinkets.EternalTrinkets$ClientModEvents to MOD
[23:57:14] [modloading-worker-0/DEBUG] [ne.mi.fm.ja.AutomaticEventSubscriber/LOADING]: Auto-subscribing com.carrot123.eternal_trinkets.event.GoldenHoneyMedicineEvents to FORGE
[23:57:14] [modloading-worker-0/DEBUG] [ne.mi.fm.ja.AutomaticEventSubscriber/LOADING]: Auto-subscribing net.minecraftforge.client.ClientForgeMod to MOD
[23:57:14] [modloading-worker-0/DEBUG] [ne.mi.fm.ja.AutomaticEventSubscriber/LOADING]: Auto-subscribing com.carrot123.eternal_trinkets.event.HoneyBottleEvents to FORGE
[23:57:14] [modloading-worker-0/DEBUG] [me.je.co.co.fi.ConfigSerializer/]: Loading config file: D:\ModIMade\eternal_trinkets\run\config\jei\jei-debug.ini
[23:57:14] [modloading-worker-0/DEBUG] [me.je.co.co.fi.ConfigSerializer/]: Saving config file: D:\ModIMade\eternal_trinkets\run\config\jei\jei-debug.ini
[23:57:14] [modloading-worker-0/DEBUG] [ne.mi.fm.ja.AutomaticEventSubscriber/LOADING]: Auto-subscribing com.carrot123.eternal_trinkets.event.HoneyInfusedFruitEvents to FORGE
[23:57:14] [modloading-worker-0/DEBUG] [ne.mi.fm.ja.AutomaticEventSubscriber/LOADING]: Auto-subscribing com.carrot123.eternal_trinkets.integration.thirst.ThirstIntegration to MOD
[23:57:14] [modloading-worker-0/DEBUG] [me.je.co.co.fi.ConfigSerializer/]: Loading config file: D:\ModIMade\eternal_trinkets\run\config\jei\jei-mod-id-format.ini
[23:57:14] [modloading-worker-0/DEBUG] [me.je.co.co.fi.ConfigSerializer/]: Saving config file: D:\ModIMade\eternal_trinkets\run\config\jei\jei-mod-id-format.ini
[23:57:14] [modloading-worker-0/DEBUG] [me.je.co.co.fi.ConfigSerializer/]: Loading config file: D:\ModIMade\eternal_trinkets\run\config\jei\jei-colors.ini
[23:57:14] [modloading-worker-0/DEBUG] [me.je.co.co.fi.ConfigSerializer/]: Saving config file: D:\ModIMade\eternal_trinkets\run\config\jei\jei-colors.ini
[23:57:14] [modloading-worker-0/DEBUG] [me.je.co.co.fi.ConfigSerializer/]: Loading config file: D:\ModIMade\eternal_trinkets\run\config\jei\jei-client.ini
[23:57:14] [modloading-worker-0/DEBUG] [me.je.co.co.fi.ConfigSerializer/]: Saving config file: D:\ModIMade\eternal_trinkets\run\config\jei\jei-client.ini
[23:57:14] [modloading-worker-0/INFO] [me.je.li.lo.PluginCaller/]: Sending ConfigManager...
[23:57:14] [modloading-worker-0/DEBUG] [me.je.li.lo.PluginCallerTimerRunnable/]: Sending ConfigManager: jei:minecraft...
[23:57:14] [modloading-worker-0/DEBUG] [me.je.li.lo.PluginCallerTimerRunnable/]: Sending ConfigManager: curios:curios...
[23:57:14] [modloading-worker-0/DEBUG] [me.je.li.lo.PluginCallerTimerRunnable/]: Sending ConfigManager: jei:debug...
[23:57:14] [modloading-worker-0/DEBUG] [me.je.li.lo.PluginCallerTimerRunnable/]: Sending ConfigManager: jei:gui...
[23:57:14] [modloading-worker-0/DEBUG] [me.je.li.lo.PluginCallerTimerRunnable/]: Sending ConfigManager: jei:forge_gui...
[23:57:14] [modloading-worker-0/DEBUG] [me.je.li.lo.PluginCallerTimerRunnable/]: Sending ConfigManager: eternal_trinkets:jei_plugin...
[23:57:14] [modloading-worker-0/DEBUG] [me.je.li.lo.PluginCallerTimerRunnable/]: Sending ConfigManager: jei:internal...
[23:57:14] [modloading-worker-0/INFO] [me.je.li.lo.PluginCaller/]: Sending ConfigManager took 1.331 ms
[23:57:14] [modloading-worker-0/DEBUG] [ne.mi.fm.ja.AutomaticEventSubscriber/LOADING]: Attempting to inject @EventBusSubscriber classes into the eventbus for jei
[23:57:14] [Render thread/DEBUG] [ne.mi.re.ObjectHolderRegistry/REGISTRIES]: Processing ObjectHolder annotations
[23:57:14] [Render thread/DEBUG] [ne.mi.re.ObjectHolderRegistry/REGISTRIES]: Found 3927 ObjectHolder annotations
[23:57:14] [Render thread/DEBUG] [ne.mi.co.ca.CapabilityManager/CAPABILITIES]: Attempting to automatically register: Lnet/minecraftforge/energy/IEnergyStorage;
[23:57:14] [Render thread/DEBUG] [ne.mi.co.ca.CapabilityManager/CAPABILITIES]: Attempting to automatically register: Lnet/minecraftforge/fluids/capability/IFluidHandler;
[23:57:14] [Render thread/DEBUG] [ne.mi.co.ca.CapabilityManager/CAPABILITIES]: Attempting to automatically register: Lnet/minecraftforge/fluids/capability/IFluidHandlerItem;
[23:57:14] [Render thread/DEBUG] [ne.mi.co.ca.CapabilityManager/CAPABILITIES]: Attempting to automatically register: Lnet/minecraftforge/items/IItemHandler;
[23:57:14] [Render thread/DEBUG] [ne.mi.re.GameData/REGISTRIES]: Unfreezing vanilla registries
[23:57:14] [Render thread/DEBUG] [ne.mi.re.GameData/REGISTRIES]: Applying holder lookups: minecraft:sound_event
[23:57:14] [Render thread/DEBUG] [ne.mi.re.GameData/REGISTRIES]: Holder lookups applied: minecraft:sound_event
[23:57:14] [Render thread/DEBUG] [ne.mi.re.GameData/REGISTRIES]: Applying holder lookups: minecraft:fluid
[23:57:14] [Render thread/DEBUG] [ne.mi.re.GameData/REGISTRIES]: Holder lookups applied: minecraft:fluid
[23:57:14] [Render thread/DEBUG] [ne.mi.re.GameData/REGISTRIES]: Applying holder lookups: minecraft:block
[23:57:14] [Render thread/DEBUG] [ne.mi.re.GameData/REGISTRIES]: Holder lookups applied: minecraft:block
[23:57:14] [Render thread/DEBUG] [ne.mi.re.GameData/REGISTRIES]: Applying holder lookups: minecraft:attribute
[23:57:14] [Render thread/DEBUG] [ne.mi.re.GameData/REGISTRIES]: Holder lookups applied: minecraft:attribute
[23:57:14] [Render thread/DEBUG] [ne.mi.re.GameData/REGISTRIES]: Applying holder lookups: minecraft:mob_effect
[23:57:14] [Render thread/DEBUG] [ne.mi.re.GameData/REGISTRIES]: Holder lookups applied: minecraft:mob_effect
[23:57:14] [Render thread/DEBUG] [ne.mi.re.GameData/REGISTRIES]: Applying holder lookups: minecraft:particle_type
[23:57:14] [Render thread/DEBUG] [ne.mi.re.GameData/REGISTRIES]: Holder lookups applied: minecraft:particle_type
[23:57:14] [Render thread/DEBUG] [so.be.ge.GeckoLib/]: Registered SyncedAnimatable for class software.bernie.example.item.JackInTheBoxItem
[23:57:14] [Render thread/DEBUG] [ne.mi.re.GameData/REGISTRIES]: Applying holder lookups: minecraft:item
[23:57:14] [Render thread/DEBUG] [ne.mi.re.GameData/REGISTRIES]: Holder lookups applied: minecraft:item
[23:57:14] [Render thread/DEBUG] [ne.mi.re.GameData/REGISTRIES]: Applying holder lookups: minecraft:entity_type
[23:57:14] [Render thread/DEBUG] [ne.mi.re.GameData/REGISTRIES]: Holder lookups applied: minecraft:entity_type
[23:57:14] [Render thread/DEBUG] [ne.mi.re.GameData/REGISTRIES]: Applying holder lookups: minecraft:sensor_type
[23:57:14] [Render thread/DEBUG] [ne.mi.re.GameData/REGISTRIES]: Holder lookups applied: minecraft:sensor_type
[23:57:14] [Render thread/DEBUG] [ne.mi.re.GameData/REGISTRIES]: Applying holder lookups: minecraft:memory_module_type
[23:57:14] [Render thread/DEBUG] [ne.mi.re.GameData/REGISTRIES]: Holder lookups applied: minecraft:memory_module_type
[23:57:14] [Render thread/DEBUG] [ne.mi.re.GameData/REGISTRIES]: Applying holder lookups: minecraft:potion
[23:57:14] [Render thread/DEBUG] [ne.mi.re.GameData/REGISTRIES]: Holder lookups applied: minecraft:potion
[23:57:14] [Render thread/DEBUG] [ne.mi.re.GameData/REGISTRIES]: Applying holder lookups: minecraft:game_event
[23:57:14] [Render thread/DEBUG] [ne.mi.re.GameData/REGISTRIES]: Holder lookups applied: minecraft:game_event
[23:57:14] [Render thread/DEBUG] [ne.mi.re.GameData/REGISTRIES]: Applying holder lookups: minecraft:enchantment
[23:57:14] [Render thread/DEBUG] [ne.mi.re.GameData/REGISTRIES]: Holder lookups applied: minecraft:enchantment
[23:57:14] [Render thread/DEBUG] [ne.mi.re.GameData/REGISTRIES]: Applying holder lookups: minecraft:block_entity_type
[23:57:14] [Render thread/DEBUG] [ne.mi.re.GameData/REGISTRIES]: Holder lookups applied: minecraft:block_entity_type
[23:57:14] [Render thread/DEBUG] [ne.mi.re.GameData/REGISTRIES]: Applying holder lookups: minecraft:painting_variant
[23:57:14] [Render thread/DEBUG] [ne.mi.re.GameData/REGISTRIES]: Holder lookups applied: minecraft:painting_variant
[23:57:14] [Render thread/DEBUG] [ne.mi.re.GameData/REGISTRIES]: Applying holder lookups: minecraft:stat_type
[23:57:14] [Render thread/DEBUG] [ne.mi.re.GameData/REGISTRIES]: Holder lookups applied: minecraft:stat_type
[23:57:14] [Render thread/DEBUG] [ne.mi.re.GameData/REGISTRIES]: Applying holder lookups: minecraft:custom_stat
[23:57:14] [Render thread/DEBUG] [ne.mi.re.GameData/REGISTRIES]: Holder lookups applied: minecraft:custom_stat
[23:57:14] [Render thread/DEBUG] [ne.mi.re.GameData/REGISTRIES]: Applying holder lookups: minecraft:chunk_status
[23:57:14] [Render thread/DEBUG] [ne.mi.re.GameData/REGISTRIES]: Holder lookups applied: minecraft:chunk_status
[23:57:14] [Render thread/DEBUG] [ne.mi.re.GameData/REGISTRIES]: Applying holder lookups: minecraft:rule_test
[23:57:14] [Render thread/DEBUG] [ne.mi.re.GameData/REGISTRIES]: Holder lookups applied: minecraft:rule_test
[23:57:14] [Render thread/DEBUG] [ne.mi.re.GameData/REGISTRIES]: Applying holder lookups: minecraft:rule_block_entity_modifier
[23:57:14] [Render thread/DEBUG] [ne.mi.re.GameData/REGISTRIES]: Holder lookups applied: minecraft:rule_block_entity_modifier
[23:57:14] [Render thread/DEBUG] [ne.mi.re.GameData/REGISTRIES]: Applying holder lookups: minecraft:pos_rule_test
[23:57:14] [Render thread/DEBUG] [ne.mi.re.GameData/REGISTRIES]: Holder lookups applied: minecraft:pos_rule_test
[23:57:14] [Render thread/DEBUG] [ne.mi.re.GameData/REGISTRIES]: Applying holder lookups: minecraft:menu
[23:57:14] [Render thread/DEBUG] [ne.mi.re.GameData/REGISTRIES]: Holder lookups applied: minecraft:menu
[23:57:14] [Render thread/DEBUG] [ne.mi.re.GameData/REGISTRIES]: Applying holder lookups: minecraft:recipe_type
[23:57:14] [Render thread/DEBUG] [ne.mi.re.GameData/REGISTRIES]: Holder lookups applied: minecraft:recipe_type
[23:57:14] [Render thread/DEBUG] [ne.mi.re.GameData/REGISTRIES]: Applying holder lookups: minecraft:recipe_serializer
[23:57:14] [Render thread/DEBUG] [ne.mi.re.GameData/REGISTRIES]: Holder lookups applied: minecraft:recipe_serializer
[23:57:14] [Render thread/DEBUG] [ne.mi.re.GameData/REGISTRIES]: Applying holder lookups: minecraft:position_source_type
[23:57:14] [Render thread/DEBUG] [ne.mi.re.GameData/REGISTRIES]: Holder lookups applied: minecraft:position_source_type
[23:57:14] [Render thread/DEBUG] [ne.mi.re.GameData/REGISTRIES]: Applying holder lookups: minecraft:command_argument_type
[23:57:14] [Render thread/DEBUG] [ne.mi.re.GameData/REGISTRIES]: Holder lookups applied: minecraft:command_argument_type
[23:57:14] [Render thread/DEBUG] [ne.mi.re.GameData/REGISTRIES]: Applying holder lookups: minecraft:villager_type
[23:57:14] [Render thread/DEBUG] [ne.mi.re.GameData/REGISTRIES]: Holder lookups applied: minecraft:villager_type
[23:57:14] [Render thread/DEBUG] [ne.mi.re.GameData/REGISTRIES]: Applying holder lookups: minecraft:villager_profession
[23:57:14] [Render thread/DEBUG] [ne.mi.re.GameData/REGISTRIES]: Holder lookups applied: minecraft:villager_profession
[23:57:14] [Render thread/DEBUG] [ne.mi.re.GameData/REGISTRIES]: Applying holder lookups: minecraft:point_of_interest_type
[23:57:14] [Render thread/DEBUG] [ne.mi.re.GameData/REGISTRIES]: Holder lookups applied: minecraft:point_of_interest_type
[23:57:14] [Render thread/DEBUG] [ne.mi.re.GameData/REGISTRIES]: Applying holder lookups: minecraft:schedule
[23:57:14] [Render thread/DEBUG] [ne.mi.re.GameData/REGISTRIES]: Holder lookups applied: minecraft:schedule
[23:57:14] [Render thread/DEBUG] [ne.mi.re.GameData/REGISTRIES]: Applying holder lookups: minecraft:activity
[23:57:14] [Render thread/DEBUG] [ne.mi.re.GameData/REGISTRIES]: Holder lookups applied: minecraft:activity
[23:57:14] [Render thread/DEBUG] [ne.mi.re.GameData/REGISTRIES]: Applying holder lookups: minecraft:loot_pool_entry_type
[23:57:14] [Render thread/DEBUG] [ne.mi.re.GameData/REGISTRIES]: Holder lookups applied: minecraft:loot_pool_entry_type
[23:57:14] [Render thread/DEBUG] [ne.mi.re.GameData/REGISTRIES]: Applying holder lookups: minecraft:loot_function_type
[23:57:14] [Render thread/DEBUG] [ne.mi.re.GameData/REGISTRIES]: Holder lookups applied: minecraft:loot_function_type
[23:57:14] [Render thread/DEBUG] [ne.mi.re.GameData/REGISTRIES]: Applying holder lookups: minecraft:loot_condition_type
[23:57:14] [Render thread/DEBUG] [ne.mi.re.GameData/REGISTRIES]: Holder lookups applied: minecraft:loot_condition_type
[23:57:14] [Render thread/DEBUG] [ne.mi.re.GameData/REGISTRIES]: Applying holder lookups: minecraft:loot_number_provider_type
[23:57:14] [Render thread/DEBUG] [ne.mi.re.GameData/REGISTRIES]: Holder lookups applied: minecraft:loot_number_provider_type
[23:57:14] [Render thread/DEBUG] [ne.mi.re.GameData/REGISTRIES]: Applying holder lookups: minecraft:loot_nbt_provider_type
[23:57:14] [Render thread/DEBUG] [ne.mi.re.GameData/REGISTRIES]: Holder lookups applied: minecraft:loot_nbt_provider_type
[23:57:14] [Render thread/DEBUG] [ne.mi.re.GameData/REGISTRIES]: Applying holder lookups: minecraft:loot_score_provider_type
[23:57:14] [Render thread/DEBUG] [ne.mi.re.GameData/REGISTRIES]: Holder lookups applied: minecraft:loot_score_provider_type
[23:57:14] [Render thread/DEBUG] [ne.mi.re.GameData/REGISTRIES]: Applying holder lookups: minecraft:float_provider_type
[23:57:14] [Render thread/DEBUG] [ne.mi.re.GameData/REGISTRIES]: Holder lookups applied: minecraft:float_provider_type
[23:57:14] [Render thread/DEBUG] [ne.mi.re.GameData/REGISTRIES]: Applying holder lookups: minecraft:int_provider_type
[23:57:14] [Render thread/DEBUG] [ne.mi.re.GameData/REGISTRIES]: Holder lookups applied: minecraft:int_provider_type
[23:57:14] [Render thread/DEBUG] [ne.mi.re.GameData/REGISTRIES]: Applying holder lookups: minecraft:height_provider_type
[23:57:14] [Render thread/DEBUG] [ne.mi.re.GameData/REGISTRIES]: Holder lookups applied: minecraft:height_provider_type
[23:57:14] [Render thread/DEBUG] [ne.mi.re.GameData/REGISTRIES]: Applying holder lookups: minecraft:block_predicate_type
[23:57:14] [Render thread/DEBUG] [ne.mi.re.GameData/REGISTRIES]: Holder lookups applied: minecraft:block_predicate_type
[23:57:14] [Render thread/DEBUG] [ne.mi.re.GameData/REGISTRIES]: Applying holder lookups: minecraft:worldgen/carver
[23:57:14] [Render thread/DEBUG] [ne.mi.re.GameData/REGISTRIES]: Holder lookups applied: minecraft:worldgen/carver
[23:57:14] [Render thread/DEBUG] [ne.mi.re.GameData/REGISTRIES]: Applying holder lookups: minecraft:worldgen/feature
[23:57:14] [Render thread/DEBUG] [ne.mi.re.GameData/REGISTRIES]: Holder lookups applied: minecraft:worldgen/feature
[23:57:14] [Render thread/DEBUG] [ne.mi.re.GameData/REGISTRIES]: Applying holder lookups: minecraft:worldgen/structure_processor
[23:57:14] [Render thread/DEBUG] [ne.mi.re.GameData/REGISTRIES]: Holder lookups applied: minecraft:worldgen/structure_processor
[23:57:14] [Render thread/DEBUG] [ne.mi.re.GameData/REGISTRIES]: Applying holder lookups: minecraft:worldgen/structure_placement
[23:57:14] [Render thread/DEBUG] [ne.mi.re.GameData/REGISTRIES]: Holder lookups applied: minecraft:worldgen/structure_placement
[23:57:14] [Render thread/DEBUG] [ne.mi.re.GameData/REGISTRIES]: Applying holder lookups: minecraft:worldgen/structure_piece
[23:57:14] [Render thread/DEBUG] [ne.mi.re.GameData/REGISTRIES]: Holder lookups applied: minecraft:worldgen/structure_piece
[23:57:14] [Render thread/DEBUG] [ne.mi.re.GameData/REGISTRIES]: Applying holder lookups: minecraft:worldgen/structure_type
[23:57:14] [Render thread/DEBUG] [ne.mi.re.GameData/REGISTRIES]: Holder lookups applied: minecraft:worldgen/structure_type
[23:57:14] [Render thread/DEBUG] [ne.mi.re.GameData/REGISTRIES]: Applying holder lookups: minecraft:worldgen/placement_modifier_type
[23:57:14] [Render thread/DEBUG] [ne.mi.re.GameData/REGISTRIES]: Holder lookups applied: minecraft:worldgen/placement_modifier_type
[23:57:14] [Render thread/DEBUG] [ne.mi.re.GameData/REGISTRIES]: Applying holder lookups: minecraft:worldgen/block_state_provider_type
[23:57:14] [Render thread/DEBUG] [ne.mi.re.GameData/REGISTRIES]: Holder lookups applied: minecraft:worldgen/block_state_provider_type
[23:57:14] [Render thread/DEBUG] [ne.mi.re.GameData/REGISTRIES]: Applying holder lookups: minecraft:worldgen/foliage_placer_type
[23:57:14] [Render thread/DEBUG] [ne.mi.re.GameData/REGISTRIES]: Holder lookups applied: minecraft:worldgen/foliage_placer_type
[23:57:14] [Render thread/DEBUG] [ne.mi.re.GameData/REGISTRIES]: Applying holder lookups: minecraft:worldgen/trunk_placer_type
[23:57:14] [Render thread/DEBUG] [ne.mi.re.GameData/REGISTRIES]: Holder lookups applied: minecraft:worldgen/trunk_placer_type
[23:57:14] [Render thread/DEBUG] [ne.mi.re.GameData/REGISTRIES]: Applying holder lookups: minecraft:worldgen/root_placer_type
[23:57:14] [Render thread/DEBUG] [ne.mi.re.GameData/REGISTRIES]: Holder lookups applied: minecraft:worldgen/root_placer_type
[23:57:14] [Render thread/DEBUG] [ne.mi.re.GameData/REGISTRIES]: Applying holder lookups: minecraft:worldgen/tree_decorator_type
[23:57:14] [Render thread/DEBUG] [ne.mi.re.GameData/REGISTRIES]: Holder lookups applied: minecraft:worldgen/tree_decorator_type
[23:57:14] [Render thread/DEBUG] [ne.mi.re.GameData/REGISTRIES]: Applying holder lookups: minecraft:worldgen/feature_size_type
[23:57:14] [Render thread/DEBUG] [ne.mi.re.GameData/REGISTRIES]: Holder lookups applied: minecraft:worldgen/feature_size_type
[23:57:14] [Render thread/DEBUG] [ne.mi.re.GameData/REGISTRIES]: Applying holder lookups: minecraft:worldgen/biome_source
[23:57:14] [Render thread/DEBUG] [ne.mi.re.GameData/REGISTRIES]: Holder lookups applied: minecraft:worldgen/biome_source
[23:57:14] [Render thread/DEBUG] [ne.mi.re.GameData/REGISTRIES]: Applying holder lookups: minecraft:worldgen/chunk_generator
[23:57:14] [Render thread/DEBUG] [ne.mi.re.GameData/REGISTRIES]: Holder lookups applied: minecraft:worldgen/chunk_generator
[23:57:14] [Render thread/DEBUG] [ne.mi.re.GameData/REGISTRIES]: Applying holder lookups: minecraft:worldgen/material_condition
[23:57:14] [Render thread/DEBUG] [ne.mi.re.GameData/REGISTRIES]: Holder lookups applied: minecraft:worldgen/material_condition
[23:57:14] [Render thread/DEBUG] [ne.mi.re.GameData/REGISTRIES]: Applying holder lookups: minecraft:worldgen/material_rule
[23:57:14] [Render thread/DEBUG] [ne.mi.re.GameData/REGISTRIES]: Holder lookups applied: minecraft:worldgen/material_rule
[23:57:14] [Render thread/DEBUG] [ne.mi.re.GameData/REGISTRIES]: Applying holder lookups: minecraft:worldgen/density_function_type
[23:57:14] [Render thread/DEBUG] [ne.mi.re.GameData/REGISTRIES]: Holder lookups applied: minecraft:worldgen/density_function_type
[23:57:14] [Render thread/DEBUG] [ne.mi.re.GameData/REGISTRIES]: Applying holder lookups: minecraft:worldgen/structure_pool_element
[23:57:14] [Render thread/DEBUG] [ne.mi.re.GameData/REGISTRIES]: Holder lookups applied: minecraft:worldgen/structure_pool_element
[23:57:14] [Render thread/DEBUG] [ne.mi.re.GameData/REGISTRIES]: Applying holder lookups: minecraft:cat_variant
[23:57:14] [Render thread/DEBUG] [ne.mi.re.GameData/REGISTRIES]: Holder lookups applied: minecraft:cat_variant
[23:57:14] [Render thread/DEBUG] [ne.mi.re.GameData/REGISTRIES]: Applying holder lookups: minecraft:frog_variant
[23:57:14] [Render thread/DEBUG] [ne.mi.re.GameData/REGISTRIES]: Holder lookups applied: minecraft:frog_variant
[23:57:14] [Render thread/DEBUG] [ne.mi.re.GameData/REGISTRIES]: Applying holder lookups: minecraft:banner_pattern
[23:57:14] [Render thread/DEBUG] [ne.mi.re.GameData/REGISTRIES]: Holder lookups applied: minecraft:banner_pattern
[23:57:14] [Render thread/DEBUG] [ne.mi.re.GameData/REGISTRIES]: Applying holder lookups: minecraft:instrument
[23:57:14] [Render thread/DEBUG] [ne.mi.re.GameData/REGISTRIES]: Holder lookups applied: minecraft:instrument
[23:57:14] [Render thread/DEBUG] [ne.mi.re.GameData/REGISTRIES]: Applying holder lookups: minecraft:decorated_pot_patterns
[23:57:14] [Render thread/DEBUG] [ne.mi.re.GameData/REGISTRIES]: Holder lookups applied: minecraft:decorated_pot_patterns
[23:57:14] [Render thread/DEBUG] [ne.mi.re.GameData/REGISTRIES]: Applying holder lookups: minecraft:creative_mode_tab
[23:57:14] [Render thread/DEBUG] [ne.mi.re.GameData/REGISTRIES]: Holder lookups applied: minecraft:creative_mode_tab
[23:57:14] [Render thread/DEBUG] [ne.mi.re.GameData/REGISTRIES]: Applying holder lookups: forge:biome_modifier_serializers
[23:57:14] [Render thread/DEBUG] [ne.mi.re.GameData/REGISTRIES]: Holder lookups applied: forge:biome_modifier_serializers
[23:57:14] [Render thread/DEBUG] [ne.mi.re.GameData/REGISTRIES]: Applying holder lookups: forge:display_contexts
[23:57:14] [Render thread/DEBUG] [ne.mi.re.GameData/REGISTRIES]: Holder lookups applied: forge:display_contexts
[23:57:14] [Render thread/DEBUG] [ne.mi.re.GameData/REGISTRIES]: Applying holder lookups: forge:entity_data_serializers
[23:57:14] [Render thread/DEBUG] [ne.mi.re.GameData/REGISTRIES]: Holder lookups applied: forge:entity_data_serializers
[23:57:14] [Render thread/DEBUG] [ne.mi.re.GameData/REGISTRIES]: Applying holder lookups: forge:fluid_type
[23:57:14] [Render thread/DEBUG] [ne.mi.re.GameData/REGISTRIES]: Holder lookups applied: forge:fluid_type
[23:57:14] [Render thread/DEBUG] [ne.mi.re.GameData/REGISTRIES]: Applying holder lookups: forge:global_loot_modifier_serializers
[23:57:14] [Render thread/DEBUG] [ne.mi.re.GameData/REGISTRIES]: Holder lookups applied: forge:global_loot_modifier_serializers
[23:57:14] [Render thread/DEBUG] [ne.mi.re.GameData/REGISTRIES]: Applying holder lookups: forge:holder_set_type
[23:57:14] [Render thread/DEBUG] [ne.mi.re.GameData/REGISTRIES]: Holder lookups applied: forge:holder_set_type
[23:57:14] [Render thread/DEBUG] [ne.mi.re.GameData/REGISTRIES]: Applying holder lookups: forge:structure_modifier_serializers
[23:57:14] [Render thread/DEBUG] [ne.mi.re.GameData/REGISTRIES]: Holder lookups applied: forge:structure_modifier_serializers
[23:57:14] [Render thread/DEBUG] [ne.mi.re.GameData/REGISTRIES]: Applying holder lookups: minecraft:worldgen/biome
[23:57:14] [Render thread/DEBUG] [ne.mi.re.GameData/REGISTRIES]: Holder lookups applied: minecraft:worldgen/biome
[23:57:14] [Render thread/DEBUG] [ne.mi.cl.lo.ClientModLoader/CORE]: Generating PackInfo named mod:thirst for mod file C:\Users\wzx18\.gradle\caches\forge_gradle\deobf_dependencies\curse\maven\thirst-was-taken-679270\4750369_mapped_official_1.20.1\thirst-was-taken-679270-4750369_mapped_official_1.20.1.jar
[23:57:14] [Render thread/DEBUG] [ne.mi.cl.lo.ClientModLoader/CORE]: Generating PackInfo named mod:forge for mod file /
[23:57:14] [Render thread/DEBUG] [ne.mi.cl.lo.ClientModLoader/CORE]: Generating PackInfo named mod:curios for mod file C:\Users\wzx18\.gradle\caches\forge_gradle\deobf_dependencies\top\theillusivec4\curios\curios-forge\5.14.1+1.20.1_mapped_official_1.20.1\curios-forge-5.14.1+1.20.1_mapped_official_1.20.1.jar
[23:57:14] [Render thread/DEBUG] [ne.mi.cl.lo.ClientModLoader/CORE]: Generating PackInfo named mod:geckolib for mod file C:\Users\wzx18\.gradle\caches\forge_gradle\deobf_dependencies\software\bernie\geckolib\geckolib-forge-1.20.1\4.4.9_mapped_official_1.20.1\geckolib-forge-1.20.1-4.4.9_mapped_official_1.20.1.jar
[23:57:14] [Render thread/DEBUG] [ne.mi.cl.lo.ClientModLoader/CORE]: Generating PackInfo named mod:jei for mod file C:\Users\wzx18\.gradle\caches\forge_gradle\deobf_dependencies\mezz\jei\jei-1.20.1-forge\15.20.0.134_mapped_official_1.20.1\jei-1.20.1-forge-15.20.0.134_mapped_official_1.20.1.jar
[23:57:14] [Render thread/DEBUG] [ne.mi.cl.lo.ClientModLoader/CORE]: Generating PackInfo named mod:eternal_trinkets for mod file D:\ModIMade\eternal_trinkets\build\resources\main
[23:57:14] [Render thread/DEBUG] [mixin/]: Mixing client.TextureManagerMixin from geckolib.mixins.json into net.minecraft.client.renderer.texture.TextureManager
[23:57:15] [Render thread/INFO] [ne.mi.ga.ForgeGameTestHooks/]: Enabled Gametest Namespaces: [eternal_trinkets]
[23:57:15] [Render thread/INFO] [minecraft/ReloadableResourceManager]: Reloading ResourceManager: vanilla, mod_resources
[23:57:15] [modloading-worker-0/DEBUG] [ne.mi.fm.co.ConfigTracker/CONFIG]: Loading configs type CLIENT
[23:57:15] [modloading-worker-0/DEBUG] [ne.mi.fm.co.ConfigFileTypeHandler/CONFIG]: Built TOML config for D:\ModIMade\eternal_trinkets\run\config\thirst\client.toml
[23:57:15] [modloading-worker-0/DEBUG] [ne.mi.fm.co.ConfigFileTypeHandler/CONFIG]: Loaded TOML config file D:\ModIMade\eternal_trinkets\run\config\thirst\client.toml
[23:57:15] [modloading-worker-0/DEBUG] [ne.mi.fm.co.ConfigFileTypeHandler/CONFIG]: Watching TOML config file D:\ModIMade\eternal_trinkets\run\config\thirst\client.toml for changes
[23:57:15] [modloading-worker-0/DEBUG] [ne.mi.fm.co.ConfigFileTypeHandler/CONFIG]: Built TOML config for D:\ModIMade\eternal_trinkets\run\config\curios-client.toml
[23:57:15] [modloading-worker-0/DEBUG] [ne.mi.fm.co.ConfigFileTypeHandler/CONFIG]: Loaded TOML config file D:\ModIMade\eternal_trinkets\run\config\curios-client.toml
[23:57:15] [modloading-worker-0/DEBUG] [ne.mi.fm.co.ConfigFileTypeHandler/CONFIG]: Watching TOML config file D:\ModIMade\eternal_trinkets\run\config\curios-client.toml for changes
[23:57:15] [modloading-worker-0/DEBUG] [ne.mi.fm.co.ConfigFileTypeHandler/CONFIG]: Built TOML config for D:\ModIMade\eternal_trinkets\run\config\forge-client.toml
[23:57:15] [modloading-worker-0/DEBUG] [ne.mi.fm.co.ConfigFileTypeHandler/CONFIG]: Loaded TOML config file D:\ModIMade\eternal_trinkets\run\config\forge-client.toml
[23:57:15] [modloading-worker-0/DEBUG] [ne.mi.fm.co.ConfigFileTypeHandler/CONFIG]: Watching TOML config file D:\ModIMade\eternal_trinkets\run\config\forge-client.toml for changes
[23:57:15] [modloading-worker-0/DEBUG] [ne.mi.co.ForgeConfig/FORGEMOD]: Loaded forge config file forge-client.toml
[23:57:15] [modloading-worker-0/DEBUG] [ne.mi.fm.co.ConfigTracker/CONFIG]: Loading configs type COMMON
[23:57:15] [modloading-worker-0/DEBUG] [ne.mi.fm.co.ConfigFileTypeHandler/CONFIG]: Built TOML config for D:\ModIMade\eternal_trinkets\run\config\thirst\item_settings.toml
[23:57:15] [modloading-worker-0/DEBUG] [ne.mi.fm.co.ConfigFileTypeHandler/CONFIG]: Loaded TOML config file D:\ModIMade\eternal_trinkets\run\config\thirst\item_settings.toml
[23:57:15] [modloading-worker-0/DEBUG] [ne.mi.fm.co.ConfigFileTypeHandler/CONFIG]: Watching TOML config file D:\ModIMade\eternal_trinkets\run\config\thirst\item_settings.toml for changes
[23:57:15] [modloading-worker-0/DEBUG] [ne.mi.fm.co.ConfigFileTypeHandler/CONFIG]: Built TOML config for D:\ModIMade\eternal_trinkets\run\config\eternal_trinkets\mob.toml
[23:57:15] [Thread-3/DEBUG] [ne.mi.fm.co.ConfigFileTypeHandler/CONFIG]: Config file forge-client.toml changed, sending notifies
[23:57:15] [modloading-worker-0/DEBUG] [ne.mi.fm.co.ConfigFileTypeHandler/CONFIG]: Loaded TOML config file D:\ModIMade\eternal_trinkets\run\config\eternal_trinkets\mob.toml
[23:57:15] [Thread-3/DEBUG] [ne.mi.co.ForgeConfig/FORGEMOD]: Forge config just got changed on the file system!
[23:57:15] [modloading-worker-0/DEBUG] [ne.mi.fm.co.ConfigFileTypeHandler/CONFIG]: Watching TOML config file D:\ModIMade\eternal_trinkets\run\config\eternal_trinkets\mob.toml for changes
[23:57:15] [modloading-worker-0/DEBUG] [ne.mi.fm.co.ConfigFileTypeHandler/CONFIG]: Built TOML config for D:\ModIMade\eternal_trinkets\run\config\eternal_trinkets\item.toml
[23:57:15] [modloading-worker-0/DEBUG] [ne.mi.fm.co.ConfigFileTypeHandler/CONFIG]: Loaded TOML config file D:\ModIMade\eternal_trinkets\run\config\eternal_trinkets\item.toml
[23:57:15] [modloading-worker-0/DEBUG] [ne.mi.fm.co.ConfigFileTypeHandler/CONFIG]: Watching TOML config file D:\ModIMade\eternal_trinkets\run\config\eternal_trinkets\item.toml for changes
[23:57:15] [modloading-worker-0/DEBUG] [ne.mi.fm.co.ConfigFileTypeHandler/CONFIG]: Built TOML config for D:\ModIMade\eternal_trinkets\run\config\thirst\common.toml
[23:57:15] [modloading-worker-0/DEBUG] [ne.mi.fm.co.ConfigFileTypeHandler/CONFIG]: Loaded TOML config file D:\ModIMade\eternal_trinkets\run\config\thirst\common.toml
[23:57:15] [modloading-worker-0/DEBUG] [ne.mi.fm.co.ConfigFileTypeHandler/CONFIG]: Watching TOML config file D:\ModIMade\eternal_trinkets\run\config\thirst\common.toml for changes
[23:57:15] [Thread-3/DEBUG] [ne.mi.fm.co.ConfigFileTypeHandler/CONFIG]: Config file eternal_trinkets/item.toml changed, sending notifies
[23:57:15] [modloading-worker-0/DEBUG] [ne.mi.fm.co.ConfigFileTypeHandler/CONFIG]: Built TOML config for D:\ModIMade\eternal_trinkets\run\config\thirst\keyword.toml
[23:57:15] [modloading-worker-0/DEBUG] [ne.mi.fm.co.ConfigFileTypeHandler/CONFIG]: Loaded TOML config file D:\ModIMade\eternal_trinkets\run\config\thirst\keyword.toml
[23:57:15] [modloading-worker-0/DEBUG] [ne.mi.fm.co.ConfigFileTypeHandler/CONFIG]: Watching TOML config file D:\ModIMade\eternal_trinkets\run\config\thirst\keyword.toml for changes
[23:57:15] [modloading-worker-0/DEBUG] [ne.mi.fm.co.ConfigFileTypeHandler/CONFIG]: Built TOML config for D:\ModIMade\eternal_trinkets\run\config\curios-common.toml
[23:57:15] [Thread-3/DEBUG] [ne.mi.fm.co.ConfigFileTypeHandler/CONFIG]: Config file thirst/common.toml changed, sending notifies
[23:57:15] [modloading-worker-0/DEBUG] [ne.mi.fm.co.ConfigFileTypeHandler/CONFIG]: Loaded TOML config file D:\ModIMade\eternal_trinkets\run\config\curios-common.toml
[23:57:15] [modloading-worker-0/DEBUG] [ne.mi.fm.co.ConfigFileTypeHandler/CONFIG]: Watching TOML config file D:\ModIMade\eternal_trinkets\run\config\curios-common.toml for changes
[23:57:15] [Worker-Main-4/DEBUG] [mixin/]: Mixing MixinSlotAttribute from curios.mixins.json into top.theillusivec4.curios.api.SlotAttribute
[23:57:15] [Worker-Main-4/DEBUG] [mixin/]: Mixing MixinCuriosApi from curios.mixins.json into top.theillusivec4.curios.api.CuriosApi
[23:57:15] [Worker-Main-4/DEBUG] [ne.mi.co.tr.CoreModBaseTransformer/COREMOD]: Transforming net/minecraft/world/entity/EntityType
[23:57:15] [Forge Version Check/INFO] [ne.mi.fm.VersionChecker/]: [forge] Starting version check at https://files.minecraftforge.net/net/minecraftforge/forge/promotions_slim.json
[23:57:15] [Worker-Main-1/INFO] [minecraft/UnihexProvider]: Found unifont_all_no_pua-15.0.06.hex, loading
[23:57:15] [Render thread/DEBUG] [ne.mi.fm.DeferredWorkQueue/LOADING]: Dispatching synchronous work for work queue COMMON_SETUP: 2 jobs
[23:57:15] [Render thread/WARN] [Eternal Trinkets/]: Failed to register thirst values for honey_infused_fruit: java.lang.ClassNotFoundException: dev.ghen.thirst.foundation.common.capability.ThirstHelper
[23:57:15] [Render thread/DEBUG] [ne.mi.fm.DeferredWorkQueue/LOADING]: Synchronous work queue completed in 117.9 ms
[23:57:15] [Render thread/DEBUG] [ne.mi.fm.DeferredWorkQueue/LOADING]: Dispatching synchronous work for work queue SIDED_SETUP: 3 jobs
[23:57:15] [Render thread/DEBUG] [ne.mi.fm.DeferredWorkQueue/LOADING]: Synchronous work queue completed in 50.44 ms
[23:57:16] [Forge Version Check/DEBUG] [ne.mi.fm.VersionChecker/]: [forge] Received version check data:
{
  "homepage": "https://files.minecraftforge.net/net/minecraftforge/forge/",
  "promos": {
    "1.1-latest": "1.3.4.29",
    "1.2.3-latest": "1.4.1.64",
    "1.2.4-latest": "2.0.0.68",
    "1.2.5-latest": "3.4.9.171",
    "1.3.2-latest": "4.3.5.318",
    "1.4.0-latest": "5.0.0.326",
    "1.4.1-latest": "6.0.0.329",
    "1.4.2-latest": "6.0.1.355",
    "1.4.3-latest": "6.2.1.358",
    "1.4.4-latest": "6.3.0.378",
    "1.4.5-latest": "6.4.2.448",
    "1.4.6-latest": "6.5.0.489",
    "1.4.7-latest": "6.6.2.534",
    "1.5-latest": "7.7.0.598",
    "1.5.1-latest": "7.7.2.682",
    "1.5.2-latest": "7.8.1.738",
    "1.5.2-recommended": "7.8.1.738",
    "1.6.1-latest": "8.9.0.775",
    "1.6.2-latest": "9.10.1.871",
    "1.6.2-recommended": "9.10.1.871",
    "1.6.3-latest": "9.11.0.878",
    "1.6.4-latest": "9.11.1.1345",
    "1.6.4-recommended": "9.11.1.1345",
    "1.7.2-latest": "10.12.2.1161",
    "1.7.2-recommended": "10.12.2.1161",
    "1.7.10-latest": "10.13.4.1614",
    "1.7.10-recommended": "10.13.4.1614",
    "1.8-latest": "11.14.4.1577",
    "1.8-recommended": "11.14.4.1563",
    "1.8.8-latest": "11.15.0.1655",
    "1.8.9-latest": "11.15.1.2318",
    "1.8.9-recommended": "11.15.1.2318",
    "1.9-latest": "12.16.1.1938",
    "1.9-recommended": "12.16.1.1887",
    "1.9.4-latest": "12.17.0.2317",
    "1.9.4-recommended": "12.17.0.2317",
    "1.10-latest": "12.18.0.2000",
    "1.10.2-latest": "12.18.3.2511",
    "1.10.2-recommended": "12.18.3.2511",
    "1.11-latest": "13.19.1.2199",
    "1.11-recommended": "13.19.1.2189",
    "1.11.2-latest": "13.20.1.2588",
    "1.11.2-recommended": "13.20.1.2588",
    "1.12-latest": "14.21.1.2443",
    "1.12-recommended": "14.21.1.2387",
    "1.12.1-latest": "14.22.1.2485",
    "1.12.1-recommended": "14.22.1.2478",
    "1.12.2-latest": "14.23.5.2864",
    "1.12.2-recommended": "14.23.5.2859",
    "1.13.2-latest": "25.0.223",
    "1.14.2-latest": "26.0.63",
    "1.14.3-latest": "27.0.60",
    "1.14.4-latest": "28.2.30",
    "1.14.4-recommended": "28.2.26",
    "1.15-latest": "29.0.4",
    "1.15.1-latest": "30.0.51",
    "1.15.2-latest": "31.2.62",
    "1.15.2-recommended": "31.2.57",
    "1.16.1-latest": "32.0.108",
    "1.16.2-latest": "33.0.61",
    "1.16.3-latest": "34.1.42",
    "1.16.3-recommended": "34.1.0",
    "1.16.4-latest": "35.1.37",
    "1.16.4-recommended": "35.1.4",
    "1.16.5-latest": "36.2.42",
    "1.16.5-recommended": "36.2.34",
    "1.17.1-latest": "37.1.1",
    "1.17.1-recommended": "37.1.1",
    "1.18-latest": "38.0.17",
    "1.18.1-latest": "39.1.2",
    "1.18.1-recommended": "39.1.0",
    "1.18.2-recommended": "40.3.0",
    "1.18.2-latest": "40.3.12",
    "1.19-latest": "41.1.0",
    "1.19-recommended": "41.1.0",
    "1.19.1-latest": "42.0.9",
    "1.19.2-recommended": "43.5.0",
    "1.19.2-latest": "43.5.2",
    "1.19.3-latest": "44.1.23",
    "1.19.3-recommended": "44.1.0",
    "1.19.4-recommended": "45.4.0",
    "1.19.4-latest": "45.4.3",
    "1.20-latest": "46.0.14",
    "1.20.1-recommended": "47.4.10",
    "1.20.1-latest": "47.4.22",
    "1.20.2-latest": "48.1.0",
    "1.20.2-recommended": "48.1.0",
    "1.20.3-latest": "49.0.2",
    "1.20.4-latest": "49.2.8",
    "1.20.4-recommended": "49.2.0",
    "1.20.6-latest": "50.2.10",
    "1.20.6-recommended": "50.2.0",
    "1.21-latest": "51.0.33",
    "1.21.1-latest": "52.1.16",
    "1.21.1-recommended": "52.1.0",
    "1.21.3-latest": "53.1.11",
    "1.21.3-recommended": "53.1.0",
    "1.21.4-latest": "54.1.17",
    "1.21.4-recommended": "54.1.14",
    "1.21.5-latest": "55.1.11",
    "1.21.5-recommended": "55.1.0",
    "1.21.6-latest": "56.0.9",
    "1.21.7-latest": "57.0.3",
    "1.21.8-latest": "58.1.20",
    "1.21.8-recommended": "58.1.0",
    "1.21.9-latest": "59.0.5",
    "1.21.10-latest": "60.1.12",
    "1.21.10-recommended": "60.1.0",
    "1.21.11-latest": "61.1.11",
    "1.21.11-recommended": "61.1.0",
    "26.1-latest": "62.0.9",
    "26.1.1-latest": "63.0.2",
    "26.1.2-latest": "64.0.14",
    "26.2-latest": "65.0.9"
  }
}
[23:57:16] [Forge Version Check/INFO] [ne.mi.fm.VersionChecker/]: [forge] Found status: OUTDATED Current: 47.4.20 Target: 47.4.22
[23:57:16] [Worker-Main-14/WARN] [minecraft/ModelManager]: Missing textures in model eternal_trinkets:honey_infused_fruit#inventory:
    minecraft:textures/atlas/blocks.png:eternal_trinkets:item/honey_infused_fruit
[23:57:16] [modloading-worker-0/DEBUG] [ne.mi.re.GameData/REGISTRIES]: Freezing registries
[23:57:16] [modloading-worker-0/DEBUG] [ne.mi.re.ForgeRegistry/REGISTRIES]: Registry minecraft:block Sync: FROZEN -> ACTIVE
[23:57:16] [modloading-worker-0/DEBUG] [ne.mi.re.ForgeRegistry/REGISTRIES]: Registry minecraft:fluid Sync: FROZEN -> ACTIVE
[23:57:16] [modloading-worker-0/DEBUG] [ne.mi.re.ForgeRegistry/REGISTRIES]: Registry minecraft:item Sync: FROZEN -> ACTIVE
[23:57:16] [modloading-worker-0/DEBUG] [ne.mi.re.ForgeRegistry/REGISTRIES]: Registry minecraft:mob_effect Sync: FROZEN -> ACTIVE
[23:57:16] [modloading-worker-0/DEBUG] [ne.mi.re.ForgeRegistry/REGISTRIES]: Registry minecraft:sound_event Sync: FROZEN -> ACTIVE
[23:57:16] [modloading-worker-0/DEBUG] [ne.mi.re.ForgeRegistry/REGISTRIES]: Registry minecraft:potion Sync: FROZEN -> ACTIVE
[23:57:16] [modloading-worker-0/DEBUG] [ne.mi.re.ForgeRegistry/REGISTRIES]: Registry minecraft:enchantment Sync: FROZEN -> ACTIVE
[23:57:16] [modloading-worker-0/DEBUG] [ne.mi.re.ForgeRegistry/REGISTRIES]: Registry minecraft:entity_type Sync: FROZEN -> ACTIVE
[23:57:16] [modloading-worker-0/DEBUG] [ne.mi.re.ForgeRegistry/REGISTRIES]: Registry minecraft:block_entity_type Sync: FROZEN -> ACTIVE
[23:57:16] [modloading-worker-0/DEBUG] [ne.mi.re.ForgeRegistry/REGISTRIES]: Registry minecraft:particle_type Sync: FROZEN -> ACTIVE
[23:57:16] [modloading-worker-0/DEBUG] [ne.mi.re.ForgeRegistry/REGISTRIES]: Registry minecraft:menu Sync: FROZEN -> ACTIVE
[23:57:16] [modloading-worker-0/DEBUG] [ne.mi.re.ForgeRegistry/REGISTRIES]: Registry minecraft:painting_variant Sync: FROZEN -> ACTIVE
[23:57:16] [modloading-worker-0/DEBUG] [ne.mi.re.ForgeRegistry/REGISTRIES]: Registry minecraft:recipe_type Sync: FROZEN -> ACTIVE
[23:57:16] [modloading-worker-0/DEBUG] [ne.mi.re.ForgeRegistry/REGISTRIES]: Registry minecraft:recipe_serializer Sync: FROZEN -> ACTIVE
[23:57:16] [modloading-worker-0/DEBUG] [ne.mi.re.ForgeRegistry/REGISTRIES]: Registry minecraft:attribute Sync: FROZEN -> ACTIVE
[23:57:16] [modloading-worker-0/DEBUG] [ne.mi.re.ForgeRegistry/REGISTRIES]: Registry minecraft:stat_type Sync: FROZEN -> ACTIVE
[23:57:16] [modloading-worker-0/DEBUG] [ne.mi.re.ForgeRegistry/REGISTRIES]: Registry minecraft:command_argument_type Sync: FROZEN -> ACTIVE
[23:57:16] [modloading-worker-0/DEBUG] [ne.mi.re.ForgeRegistry/REGISTRIES]: Registry minecraft:villager_profession Sync: FROZEN -> ACTIVE
[23:57:16] [modloading-worker-0/DEBUG] [ne.mi.re.ForgeRegistry/REGISTRIES]: Registry minecraft:point_of_interest_type Sync: FROZEN -> ACTIVE
[23:57:16] [modloading-worker-0/DEBUG] [ne.mi.re.ForgeRegistry/REGISTRIES]: Registry minecraft:memory_module_type Sync: FROZEN -> ACTIVE
[23:57:16] [modloading-worker-0/DEBUG] [ne.mi.re.ForgeRegistry/REGISTRIES]: Registry minecraft:sensor_type Sync: FROZEN -> ACTIVE
[23:57:16] [modloading-worker-0/DEBUG] [ne.mi.re.ForgeRegistry/REGISTRIES]: Registry minecraft:schedule Sync: FROZEN -> ACTIVE
[23:57:16] [modloading-worker-0/DEBUG] [ne.mi.re.ForgeRegistry/REGISTRIES]: Registry minecraft:activity Sync: FROZEN -> ACTIVE
[23:57:16] [modloading-worker-0/DEBUG] [ne.mi.re.ForgeRegistry/REGISTRIES]: Registry minecraft:worldgen/carver Sync: FROZEN -> ACTIVE
[23:57:16] [modloading-worker-0/DEBUG] [ne.mi.re.ForgeRegistry/REGISTRIES]: Registry minecraft:worldgen/feature Sync: FROZEN -> ACTIVE
[23:57:16] [modloading-worker-0/DEBUG] [ne.mi.re.ForgeRegistry/REGISTRIES]: Registry minecraft:chunk_status Sync: FROZEN -> ACTIVE
[23:57:16] [modloading-worker-0/DEBUG] [ne.mi.re.ForgeRegistry/REGISTRIES]: Registry minecraft:worldgen/block_state_provider_type Sync: FROZEN -> ACTIVE
[23:57:16] [modloading-worker-0/DEBUG] [ne.mi.re.ForgeRegistry/REGISTRIES]: Registry minecraft:worldgen/foliage_placer_type Sync: FROZEN -> ACTIVE
[23:57:16] [modloading-worker-0/DEBUG] [ne.mi.re.ForgeRegistry/REGISTRIES]: Registry minecraft:worldgen/tree_decorator_type Sync: FROZEN -> ACTIVE
[23:57:16] [modloading-worker-0/DEBUG] [ne.mi.re.ForgeRegistry/REGISTRIES]: Registry minecraft:worldgen/biome Sync: FROZEN -> ACTIVE
[23:57:16] [modloading-worker-0/DEBUG] [ne.mi.re.ForgeRegistry/REGISTRIES]: Registry forge:entity_data_serializers Sync: FROZEN -> ACTIVE
[23:57:16] [modloading-worker-0/DEBUG] [ne.mi.re.ForgeRegistry/REGISTRIES]: Registry forge:global_loot_modifier_serializers Sync: FROZEN -> ACTIVE
[23:57:16] [modloading-worker-0/DEBUG] [ne.mi.re.ForgeRegistry/REGISTRIES]: Registry forge:biome_modifier_serializers Sync: FROZEN -> ACTIVE
[23:57:16] [modloading-worker-0/DEBUG] [ne.mi.re.ForgeRegistry/REGISTRIES]: Registry forge:fluid_type Sync: FROZEN -> ACTIVE
[23:57:16] [modloading-worker-0/DEBUG] [ne.mi.re.ForgeRegistry/REGISTRIES]: Registry forge:structure_modifier_serializers Sync: FROZEN -> ACTIVE
[23:57:16] [modloading-worker-0/DEBUG] [ne.mi.re.ForgeRegistry/REGISTRIES]: Registry forge:holder_set_type Sync: FROZEN -> ACTIVE
[23:57:16] [modloading-worker-0/DEBUG] [ne.mi.re.ForgeRegistry/REGISTRIES]: Registry forge:display_contexts Sync: FROZEN -> ACTIVE
[23:57:17] [modloading-worker-0/DEBUG] [ne.mi.re.GameData/REGISTRIES]: All registries frozen
[23:57:17] [Render thread/DEBUG] [ne.mi.co.ForgeI18n/CORE]: Loading I18N data entries: 8879
[23:57:17] [Render thread/WARN] [minecraft/SoundEngine]: Missing sound for event: minecraft:item.goat_horn.play
[23:57:17] [Render thread/WARN] [minecraft/SoundEngine]: Missing sound for event: minecraft:entity.goat.screaming.horn_break
[23:57:18] [Render thread/INFO] [mojang/Library]: OpenAL initialized on device OpenAL Soft on 扬声器 (Realtek(R) Audio)
[23:57:18] [Render thread/INFO] [minecraft/SoundEngine]: Sound engine started
[23:57:18] [Render thread/INFO] [minecraft/TextureAtlas]: Created: 1024x1024x4 minecraft:textures/atlas/blocks.png-atlas
[23:57:18] [Render thread/INFO] [minecraft/TextureAtlas]: Created: 256x256x4 minecraft:textures/atlas/signs.png-atlas
[23:57:18] [Render thread/INFO] [minecraft/TextureAtlas]: Created: 512x512x4 minecraft:textures/atlas/shield_patterns.png-atlas
[23:57:18] [Render thread/INFO] [minecraft/TextureAtlas]: Created: 512x512x4 minecraft:textures/atlas/banner_patterns.png-atlas
[23:57:18] [Render thread/INFO] [minecraft/TextureAtlas]: Created: 1024x1024x4 minecraft:textures/atlas/armor_trims.png-atlas
[23:57:18] [Render thread/INFO] [minecraft/TextureAtlas]: Created: 128x64x4 minecraft:textures/atlas/decorated_pot.png-atlas
[23:57:18] [Render thread/INFO] [minecraft/TextureAtlas]: Created: 256x256x4 minecraft:textures/atlas/chest.png-atlas
[23:57:18] [Render thread/INFO] [minecraft/TextureAtlas]: Created: 512x256x4 minecraft:textures/atlas/shulker_boxes.png-atlas
[23:57:18] [Render thread/INFO] [minecraft/TextureAtlas]: Created: 512x256x4 minecraft:textures/atlas/beds.png-atlas
[23:57:18] [Render thread/WARN] [minecraft/ShaderInstance]: Shader rendertype_entity_translucent_emissive could not find sampler named Sampler2 in the specified shader program.
[23:57:18] [Render thread/INFO] [minecraft/TextureAtlas]: Created: 256x256x0 minecraft:textures/atlas/particles.png-atlas
[23:57:18] [Render thread/INFO] [minecraft/TextureAtlas]: Created: 256x256x0 minecraft:textures/atlas/paintings.png-atlas
[23:57:18] [Render thread/INFO] [minecraft/TextureAtlas]: Created: 128x128x0 minecraft:textures/atlas/mob_effects.png-atlas
[23:57:18] [Render thread/INFO] [minecraft/TextureAtlas]: Created: 256x256x0 jei:textures/atlas/gui.png-atlas
[23:57:18] [Realms Notification Availability checker #1/INFO] [mojang/RealmsClient]: Could not authorize you against Realms server: java.lang.RuntimeException: Failed to parse into SignedJWT: 0
[23:58:09] [Render thread/INFO] [ne.mi.re.GameData/REGISTRIES]: Injecting existing registry data into this CLIENT instance
[23:58:09] [Render thread/DEBUG] [ne.mi.re.ForgeRegistry/REGISTRIES]: Registry minecraft:block Sync: ACTIVE -> STAGING
[23:58:09] [Render thread/DEBUG] [ne.mi.re.ForgeRegistry/REGISTRIES]: Registry minecraft:fluid Sync: ACTIVE -> STAGING
[23:58:09] [Render thread/DEBUG] [ne.mi.re.ForgeRegistry/REGISTRIES]: Registry minecraft:item Sync: ACTIVE -> STAGING
[23:58:09] [Render thread/DEBUG] [ne.mi.re.ForgeRegistry/REGISTRIES]: Registry minecraft:mob_effect Sync: ACTIVE -> STAGING
[23:58:09] [Render thread/DEBUG] [ne.mi.re.ForgeRegistry/REGISTRIES]: Registry minecraft:sound_event Sync: ACTIVE -> STAGING
[23:58:09] [Render thread/DEBUG] [ne.mi.re.ForgeRegistry/REGISTRIES]: Registry minecraft:potion Sync: ACTIVE -> STAGING
[23:58:09] [Render thread/DEBUG] [ne.mi.re.ForgeRegistry/REGISTRIES]: Registry minecraft:enchantment Sync: ACTIVE -> STAGING
[23:58:09] [Render thread/DEBUG] [ne.mi.re.ForgeRegistry/REGISTRIES]: Registry minecraft:entity_type Sync: ACTIVE -> STAGING
[23:58:09] [Render thread/DEBUG] [ne.mi.re.ForgeRegistry/REGISTRIES]: Registry minecraft:block_entity_type Sync: ACTIVE -> STAGING
[23:58:09] [Render thread/DEBUG] [ne.mi.re.ForgeRegistry/REGISTRIES]: Registry minecraft:particle_type Sync: ACTIVE -> STAGING
[23:58:09] [Render thread/DEBUG] [ne.mi.re.ForgeRegistry/REGISTRIES]: Registry minecraft:menu Sync: ACTIVE -> STAGING
[23:58:09] [Render thread/DEBUG] [ne.mi.re.ForgeRegistry/REGISTRIES]: Registry minecraft:painting_variant Sync: ACTIVE -> STAGING
[23:58:09] [Render thread/DEBUG] [ne.mi.re.ForgeRegistry/REGISTRIES]: Registry minecraft:recipe_type Sync: ACTIVE -> STAGING
[23:58:09] [Render thread/DEBUG] [ne.mi.re.ForgeRegistry/REGISTRIES]: Registry minecraft:recipe_serializer Sync: ACTIVE -> STAGING
[23:58:09] [Render thread/DEBUG] [ne.mi.re.ForgeRegistry/REGISTRIES]: Registry minecraft:attribute Sync: ACTIVE -> STAGING
[23:58:09] [Render thread/DEBUG] [ne.mi.re.ForgeRegistry/REGISTRIES]: Registry minecraft:stat_type Sync: ACTIVE -> STAGING
[23:58:09] [Render thread/DEBUG] [ne.mi.re.ForgeRegistry/REGISTRIES]: Registry minecraft:command_argument_type Sync: ACTIVE -> STAGING
[23:58:09] [Render thread/DEBUG] [ne.mi.re.ForgeRegistry/REGISTRIES]: Registry minecraft:villager_profession Sync: ACTIVE -> STAGING
[23:58:09] [Render thread/DEBUG] [ne.mi.re.ForgeRegistry/REGISTRIES]: Registry minecraft:point_of_interest_type Sync: ACTIVE -> STAGING
[23:58:09] [Render thread/DEBUG] [ne.mi.re.ForgeRegistry/REGISTRIES]: Registry minecraft:memory_module_type Sync: ACTIVE -> STAGING
[23:58:09] [Render thread/DEBUG] [ne.mi.re.ForgeRegistry/REGISTRIES]: Registry minecraft:sensor_type Sync: ACTIVE -> STAGING
[23:58:09] [Render thread/DEBUG] [ne.mi.re.ForgeRegistry/REGISTRIES]: Registry minecraft:schedule Sync: ACTIVE -> STAGING
[23:58:09] [Render thread/DEBUG] [ne.mi.re.ForgeRegistry/REGISTRIES]: Registry minecraft:activity Sync: ACTIVE -> STAGING
[23:58:09] [Render thread/DEBUG] [ne.mi.re.ForgeRegistry/REGISTRIES]: Registry minecraft:worldgen/carver Sync: ACTIVE -> STAGING
[23:58:09] [Render thread/DEBUG] [ne.mi.re.ForgeRegistry/REGISTRIES]: Registry minecraft:worldgen/feature Sync: ACTIVE -> STAGING
[23:58:09] [Render thread/DEBUG] [ne.mi.re.ForgeRegistry/REGISTRIES]: Registry minecraft:chunk_status Sync: ACTIVE -> STAGING
[23:58:09] [Render thread/DEBUG] [ne.mi.re.ForgeRegistry/REGISTRIES]: Registry minecraft:worldgen/block_state_provider_type Sync: ACTIVE -> STAGING
[23:58:09] [Render thread/DEBUG] [ne.mi.re.ForgeRegistry/REGISTRIES]: Registry minecraft:worldgen/foliage_placer_type Sync: ACTIVE -> STAGING
[23:58:09] [Render thread/DEBUG] [ne.mi.re.ForgeRegistry/REGISTRIES]: Registry minecraft:worldgen/tree_decorator_type Sync: ACTIVE -> STAGING
[23:58:09] [Render thread/DEBUG] [ne.mi.re.ForgeRegistry/REGISTRIES]: Registry minecraft:worldgen/biome Sync: ACTIVE -> STAGING
[23:58:09] [Render thread/DEBUG] [ne.mi.re.ForgeRegistry/REGISTRIES]: Registry forge:entity_data_serializers Sync: ACTIVE -> STAGING
[23:58:09] [Render thread/DEBUG] [ne.mi.re.ForgeRegistry/REGISTRIES]: Registry forge:global_loot_modifier_serializers Sync: ACTIVE -> STAGING
[23:58:09] [Render thread/DEBUG] [ne.mi.re.ForgeRegistry/REGISTRIES]: Registry forge:biome_modifier_serializers Sync: ACTIVE -> STAGING
[23:58:09] [Render thread/DEBUG] [ne.mi.re.ForgeRegistry/REGISTRIES]: Registry forge:fluid_type Sync: ACTIVE -> STAGING
[23:58:09] [Render thread/DEBUG] [ne.mi.re.ForgeRegistry/REGISTRIES]: Registry forge:structure_modifier_serializers Sync: ACTIVE -> STAGING
[23:58:09] [Render thread/DEBUG] [ne.mi.re.ForgeRegistry/REGISTRIES]: Registry forge:holder_set_type Sync: ACTIVE -> STAGING
[23:58:09] [Render thread/DEBUG] [ne.mi.re.ForgeRegistry/REGISTRIES]: Registry forge:display_contexts Sync: ACTIVE -> STAGING
[23:58:09] [Render thread/DEBUG] [ne.mi.re.ObjectHolderRegistry/REGISTRIES]: Applying holder lookups
[23:58:09] [Render thread/DEBUG] [ne.mi.re.ObjectHolderRegistry/REGISTRIES]: Holder lookups applied
[23:58:09] [Render thread/DEBUG] [ne.mi.se.ServerLifecycleHooks/CORE]: Generating PackInfo named mod:thirst for mod file C:\Users\wzx18\.gradle\caches\forge_gradle\deobf_dependencies\curse\maven\thirst-was-taken-679270\4750369_mapped_official_1.20.1\thirst-was-taken-679270-4750369_mapped_official_1.20.1.jar
[23:58:09] [Render thread/DEBUG] [ne.mi.se.ServerLifecycleHooks/CORE]: Generating PackInfo named mod:forge for mod file /
[23:58:09] [Render thread/DEBUG] [ne.mi.se.ServerLifecycleHooks/CORE]: Generating PackInfo named mod:curios for mod file C:\Users\wzx18\.gradle\caches\forge_gradle\deobf_dependencies\top\theillusivec4\curios\curios-forge\5.14.1+1.20.1_mapped_official_1.20.1\curios-forge-5.14.1+1.20.1_mapped_official_1.20.1.jar
[23:58:09] [Render thread/DEBUG] [ne.mi.se.ServerLifecycleHooks/CORE]: Generating PackInfo named mod:geckolib for mod file C:\Users\wzx18\.gradle\caches\forge_gradle\deobf_dependencies\software\bernie\geckolib\geckolib-forge-1.20.1\4.4.9_mapped_official_1.20.1\geckolib-forge-1.20.1-4.4.9_mapped_official_1.20.1.jar
[23:58:09] [Render thread/DEBUG] [ne.mi.se.ServerLifecycleHooks/CORE]: Generating PackInfo named mod:jei for mod file C:\Users\wzx18\.gradle\caches\forge_gradle\deobf_dependencies\mezz\jei\jei-1.20.1-forge\15.20.0.134_mapped_official_1.20.1\jei-1.20.1-forge-15.20.0.134_mapped_official_1.20.1.jar
[23:58:09] [Render thread/DEBUG] [ne.mi.se.ServerLifecycleHooks/CORE]: Generating PackInfo named mod:eternal_trinkets for mod file D:\ModIMade\eternal_trinkets\build\resources\main
[23:58:10] [Render thread/DEBUG] [ne.mi.co.tr.CoreModBaseTransformer/COREMOD]: Transforming net/minecraft/server/commands/SummonCommand
[23:58:10] [Worker-Main-16/DEBUG] [mixin/]: Mixing MixinNbtPredicate from curios.mixins.json into net.minecraft.advancements.critereon.NbtPredicate
[23:58:10] [Worker-Main-16/ERROR] [ne.mi.co.ForgeHooks/]: Couldn't parse element loot_tables:thirst:chests/simple_dungeon_bc
com.google.gson.JsonSyntaxException: Expected name to be an item, was unknown string 'brewinandchewin:vodka'
	at net.minecraft.util.GsonHelper.lambda$convertToItem$0(GsonHelper.java:145) ~[forge-1.20.1-47.4.20_mapped_official_1.20.1.jar%23191!/:?] {re:classloading}
	at java.util.Optional.orElseThrow(Optional.java:403) ~[?:?] {}
	at net.minecraft.util.GsonHelper.convertToItem(GsonHelper.java:145) ~[forge-1.20.1-47.4.20_mapped_official_1.20.1.jar%23191!/:?] {re:classloading}
	at net.minecraft.util.GsonHelper.getAsItem(GsonHelper.java:153) ~[forge-1.20.1-47.4.20_mapped_official_1.20.1.jar%23191!/:?] {re:classloading}
	at net.minecraft.world.level.storage.loot.entries.LootItem$Serializer.deserialize(LootItem.java:55) ~[forge-1.20.1-47.4.20_mapped_official_1.20.1.jar%23191!/:?] {re:classloading}
	at net.minecraft.world.level.storage.loot.entries.LootItem$Serializer.deserialize(LootItem.java:40) ~[forge-1.20.1-47.4.20_mapped_official_1.20.1.jar%23191!/:?] {re:classloading}
	at net.minecraft.world.level.storage.loot.entries.LootPoolSingletonContainer$Serializer.deserializeCustom(LootPoolSingletonContainer.java:151) ~[forge-1.20.1-47.4.20_mapped_official_1.20.1.jar%23191!/:?] {re:classloading}
	at net.minecraft.world.level.storage.loot.entries.LootPoolSingletonContainer$Serializer.deserializeCustom(LootPoolSingletonContainer.java:129) ~[forge-1.20.1-47.4.20_mapped_official_1.20.1.jar%23191!/:?] {re:classloading}
	at net.minecraft.world.level.storage.loot.entries.LootPoolEntryContainer$Serializer.deserialize(LootPoolEntryContainer.java:86) ~[forge-1.20.1-47.4.20_mapped_official_1.20.1.jar%23191!/:?] {re:classloading}
	at net.minecraft.world.level.storage.loot.entries.LootPoolEntryContainer$Serializer.deserialize(LootPoolEntryContainer.java:74) ~[forge-1.20.1-47.4.20_mapped_official_1.20.1.jar%23191!/:?] {re:classloading}
	at net.minecraft.world.level.storage.loot.GsonAdapterFactory$JsonAdapter.deserialize(GsonAdapterFactory.java:102) ~[forge-1.20.1-47.4.20_mapped_official_1.20.1.jar%23191!/:?] {re:classloading}
	at com.google.gson.internal.bind.TreeTypeAdapter.read(TreeTypeAdapter.java:76) ~[gson-2.10.jar%23130!/:?] {}
	at com.google.gson.internal.bind.TypeAdapterRuntimeTypeWrapper.read(TypeAdapterRuntimeTypeWrapper.java:40) ~[gson-2.10.jar%23130!/:?] {}
	at com.google.gson.internal.bind.ArrayTypeAdapter.read(ArrayTypeAdapter.java:72) ~[gson-2.10.jar%23130!/:?] {}
	at com.google.gson.Gson.fromJson(Gson.java:1214) ~[gson-2.10.jar%23130!/:?] {}
	at com.google.gson.Gson.fromJson(Gson.java:1319) ~[gson-2.10.jar%23130!/:?] {}
	at com.google.gson.Gson.fromJson(Gson.java:1290) ~[gson-2.10.jar%23130!/:?] {}
	at com.google.gson.internal.bind.TreeTypeAdapter$GsonContextImpl.deserialize(TreeTypeAdapter.java:179) ~[gson-2.10.jar%23130!/:?] {}
	at net.minecraft.util.GsonHelper.convertToObject(GsonHelper.java:463) ~[forge-1.20.1-47.4.20_mapped_official_1.20.1.jar%23191!/:?] {re:classloading}
	at net.minecraft.util.GsonHelper.getAsObject(GsonHelper.java:471) ~[forge-1.20.1-47.4.20_mapped_official_1.20.1.jar%23191!/:?] {re:classloading}
	at net.minecraft.world.level.storage.loot.LootPool$Serializer.deserialize(LootPool.java:192) ~[forge-1.20.1-47.4.20_mapped_official_1.20.1.jar%23191!/:?] {re:classloading}
	at net.minecraft.world.level.storage.loot.LootPool$Serializer.deserialize(LootPool.java:189) ~[forge-1.20.1-47.4.20_mapped_official_1.20.1.jar%23191!/:?] {re:classloading}
	at com.google.gson.internal.bind.TreeTypeAdapter.read(TreeTypeAdapter.java:76) ~[gson-2.10.jar%23130!/:?] {}
	at com.google.gson.internal.bind.TypeAdapterRuntimeTypeWrapper.read(TypeAdapterRuntimeTypeWrapper.java:40) ~[gson-2.10.jar%23130!/:?] {}
	at com.google.gson.internal.bind.ArrayTypeAdapter.read(ArrayTypeAdapter.java:72) ~[gson-2.10.jar%23130!/:?] {}
	at com.google.gson.Gson.fromJson(Gson.java:1214) ~[gson-2.10.jar%23130!/:?] {}
	at com.google.gson.Gson.fromJson(Gson.java:1319) ~[gson-2.10.jar%23130!/:?] {}
	at com.google.gson.Gson.fromJson(Gson.java:1290) ~[gson-2.10.jar%23130!/:?] {}
	at com.google.gson.internal.bind.TreeTypeAdapter$GsonContextImpl.deserialize(TreeTypeAdapter.java:179) ~[gson-2.10.jar%23130!/:?] {}
	at net.minecraft.util.GsonHelper.convertToObject(GsonHelper.java:463) ~[forge-1.20.1-47.4.20_mapped_official_1.20.1.jar%23191!/:?] {re:classloading}
	at net.minecraft.util.GsonHelper.getAsObject(GsonHelper.java:481) ~[forge-1.20.1-47.4.20_mapped_official_1.20.1.jar%23191!/:?] {re:classloading}
	at net.minecraft.world.level.storage.loot.LootTable$Serializer.deserialize(LootTable.java:294) ~[forge-1.20.1-47.4.20_mapped_official_1.20.1.jar%23191!/:?] {re:classloading}
	at net.minecraft.world.level.storage.loot.LootTable$Serializer.deserialize(LootTable.java:291) ~[forge-1.20.1-47.4.20_mapped_official_1.20.1.jar%23191!/:?] {re:classloading}
	at com.google.gson.internal.bind.TreeTypeAdapter.read(TreeTypeAdapter.java:76) ~[gson-2.10.jar%23130!/:?] {}
	at com.google.gson.Gson.fromJson(Gson.java:1214) ~[gson-2.10.jar%23130!/:?] {}
	at com.google.gson.Gson.fromJson(Gson.java:1319) ~[gson-2.10.jar%23130!/:?] {}
	at com.google.gson.Gson.fromJson(Gson.java:1261) ~[gson-2.10.jar%23130!/:?] {}
	at net.minecraftforge.common.ForgeHooks.loadLootTable(ForgeHooks.java:872) ~[forge-1.20.1-47.4.20_mapped_official_1.20.1.jar%23190%23197!/:?] {re:classloading}
	at net.minecraftforge.common.ForgeHooks.lambda$getLootTableDeserializer$3(ForgeHooks.java:849) ~[forge-1.20.1-47.4.20_mapped_official_1.20.1.jar%23190%23197!/:?] {re:classloading}
	at net.minecraft.world.level.storage.loot.LootDataType.deserialize(LootDataType.java:45) ~[forge-1.20.1-47.4.20_mapped_official_1.20.1.jar%23191!/:?] {re:classloading}
	at net.minecraft.world.level.storage.loot.LootDataManager.lambda$scheduleElementParse$4(LootDataManager.java:56) ~[forge-1.20.1-47.4.20_mapped_official_1.20.1.jar%23191!/:?] {re:classloading}
	at java.util.HashMap.forEach(HashMap.java:1421) ~[?:?] {}
	at net.minecraft.world.level.storage.loot.LootDataManager.lambda$scheduleElementParse$5(LootDataManager.java:55) ~[forge-1.20.1-47.4.20_mapped_official_1.20.1.jar%23191!/:?] {re:classloading}
	at java.util.concurrent.CompletableFuture$AsyncRun.run(CompletableFuture.java:1804) ~[?:?] {}
	at java.util.concurrent.CompletableFuture$AsyncRun.exec(CompletableFuture.java:1796) ~[?:?] {}
	at java.util.concurrent.ForkJoinTask.doExec(ForkJoinTask.java:373) ~[?:?] {}
	at java.util.concurrent.ForkJoinPool$WorkQueue.topLevelExec(ForkJoinPool.java:1182) ~[?:?] {}
	at java.util.concurrent.ForkJoinPool.scan(ForkJoinPool.java:1655) ~[?:?] {}
	at java.util.concurrent.ForkJoinPool.runWorker(ForkJoinPool.java:1622) ~[?:?] {}
	at java.util.concurrent.ForkJoinWorkerThread.run(ForkJoinWorkerThread.java:165) ~[?:?] {}
[23:58:10] [Worker-Main-16/ERROR] [ne.mi.co.ForgeHooks/]: Couldn't parse element loot_tables:thirst:chests/nether_bridge_fr
com.google.gson.JsonSyntaxException: Expected name to be an item, was unknown string 'farmersrespite:rose_hip_tea'
	at net.minecraft.util.GsonHelper.lambda$convertToItem$0(GsonHelper.java:145) ~[forge-1.20.1-47.4.20_mapped_official_1.20.1.jar%23191!/:?] {re:classloading}
	at java.util.Optional.orElseThrow(Optional.java:403) ~[?:?] {}
	at net.minecraft.util.GsonHelper.convertToItem(GsonHelper.java:145) ~[forge-1.20.1-47.4.20_mapped_official_1.20.1.jar%23191!/:?] {re:classloading}
	at net.minecraft.util.GsonHelper.getAsItem(GsonHelper.java:153) ~[forge-1.20.1-47.4.20_mapped_official_1.20.1.jar%23191!/:?] {re:classloading}
	at net.minecraft.world.level.storage.loot.entries.LootItem$Serializer.deserialize(LootItem.java:55) ~[forge-1.20.1-47.4.20_mapped_official_1.20.1.jar%23191!/:?] {re:classloading}
	at net.minecraft.world.level.storage.loot.entries.LootItem$Serializer.deserialize(LootItem.java:40) ~[forge-1.20.1-47.4.20_mapped_official_1.20.1.jar%23191!/:?] {re:classloading}
	at net.minecraft.world.level.storage.loot.entries.LootPoolSingletonContainer$Serializer.deserializeCustom(LootPoolSingletonContainer.java:151) ~[forge-1.20.1-47.4.20_mapped_official_1.20.1.jar%23191!/:?] {re:classloading}
	at net.minecraft.world.level.storage.loot.entries.LootPoolSingletonContainer$Serializer.deserializeCustom(LootPoolSingletonContainer.java:129) ~[forge-1.20.1-47.4.20_mapped_official_1.20.1.jar%23191!/:?] {re:classloading}
	at net.minecraft.world.level.storage.loot.entries.LootPoolEntryContainer$Serializer.deserialize(LootPoolEntryContainer.java:86) ~[forge-1.20.1-47.4.20_mapped_official_1.20.1.jar%23191!/:?] {re:classloading}
	at net.minecraft.world.level.storage.loot.entries.LootPoolEntryContainer$Serializer.deserialize(LootPoolEntryContainer.java:74) ~[forge-1.20.1-47.4.20_mapped_official_1.20.1.jar%23191!/:?] {re:classloading}
	at net.minecraft.world.level.storage.loot.GsonAdapterFactory$JsonAdapter.deserialize(GsonAdapterFactory.java:102) ~[forge-1.20.1-47.4.20_mapped_official_1.20.1.jar%23191!/:?] {re:classloading}
	at com.google.gson.internal.bind.TreeTypeAdapter.read(TreeTypeAdapter.java:76) ~[gson-2.10.jar%23130!/:?] {}
	at com.google.gson.internal.bind.TypeAdapterRuntimeTypeWrapper.read(TypeAdapterRuntimeTypeWrapper.java:40) ~[gson-2.10.jar%23130!/:?] {}
	at com.google.gson.internal.bind.ArrayTypeAdapter.read(ArrayTypeAdapter.java:72) ~[gson-2.10.jar%23130!/:?] {}
	at com.google.gson.Gson.fromJson(Gson.java:1214) ~[gson-2.10.jar%23130!/:?] {}
	at com.google.gson.Gson.fromJson(Gson.java:1319) ~[gson-2.10.jar%23130!/:?] {}
	at com.google.gson.Gson.fromJson(Gson.java:1290) ~[gson-2.10.jar%23130!/:?] {}
	at com.google.gson.internal.bind.TreeTypeAdapter$GsonContextImpl.deserialize(TreeTypeAdapter.java:179) ~[gson-2.10.jar%23130!/:?] {}
	at net.minecraft.util.GsonHelper.convertToObject(GsonHelper.java:463) ~[forge-1.20.1-47.4.20_mapped_official_1.20.1.jar%23191!/:?] {re:classloading}
	at net.minecraft.util.GsonHelper.getAsObject(GsonHelper.java:471) ~[forge-1.20.1-47.4.20_mapped_official_1.20.1.jar%23191!/:?] {re:classloading}
	at net.minecraft.world.level.storage.loot.LootPool$Serializer.deserialize(LootPool.java:192) ~[forge-1.20.1-47.4.20_mapped_official_1.20.1.jar%23191!/:?] {re:classloading}
	at net.minecraft.world.level.storage.loot.LootPool$Serializer.deserialize(LootPool.java:189) ~[forge-1.20.1-47.4.20_mapped_official_1.20.1.jar%23191!/:?] {re:classloading}
	at com.google.gson.internal.bind.TreeTypeAdapter.read(TreeTypeAdapter.java:76) ~[gson-2.10.jar%23130!/:?] {}
	at com.google.gson.internal.bind.TypeAdapterRuntimeTypeWrapper.read(TypeAdapterRuntimeTypeWrapper.java:40) ~[gson-2.10.jar%23130!/:?] {}
	at com.google.gson.internal.bind.ArrayTypeAdapter.read(ArrayTypeAdapter.java:72) ~[gson-2.10.jar%23130!/:?] {}
	at com.google.gson.Gson.fromJson(Gson.java:1214) ~[gson-2.10.jar%23130!/:?] {}
	at com.google.gson.Gson.fromJson(Gson.java:1319) ~[gson-2.10.jar%23130!/:?] {}
	at com.google.gson.Gson.fromJson(Gson.java:1290) ~[gson-2.10.jar%23130!/:?] {}
	at com.google.gson.internal.bind.TreeTypeAdapter$GsonContextImpl.deserialize(TreeTypeAdapter.java:179) ~[gson-2.10.jar%23130!/:?] {}
	at net.minecraft.util.GsonHelper.convertToObject(GsonHelper.java:463) ~[forge-1.20.1-47.4.20_mapped_official_1.20.1.jar%23191!/:?] {re:classloading}
	at net.minecraft.util.GsonHelper.getAsObject(GsonHelper.java:481) ~[forge-1.20.1-47.4.20_mapped_official_1.20.1.jar%23191!/:?] {re:classloading}
	at net.minecraft.world.level.storage.loot.LootTable$Serializer.deserialize(LootTable.java:294) ~[forge-1.20.1-47.4.20_mapped_official_1.20.1.jar%23191!/:?] {re:classloading}
	at net.minecraft.world.level.storage.loot.LootTable$Serializer.deserialize(LootTable.java:291) ~[forge-1.20.1-47.4.20_mapped_official_1.20.1.jar%23191!/:?] {re:classloading}
	at com.google.gson.internal.bind.TreeTypeAdapter.read(TreeTypeAdapter.java:76) ~[gson-2.10.jar%23130!/:?] {}
	at com.google.gson.Gson.fromJson(Gson.java:1214) ~[gson-2.10.jar%23130!/:?] {}
	at com.google.gson.Gson.fromJson(Gson.java:1319) ~[gson-2.10.jar%23130!/:?] {}
	at com.google.gson.Gson.fromJson(Gson.java:1261) ~[gson-2.10.jar%23130!/:?] {}
	at net.minecraftforge.common.ForgeHooks.loadLootTable(ForgeHooks.java:872) ~[forge-1.20.1-47.4.20_mapped_official_1.20.1.jar%23190%23197!/:?] {re:classloading}
	at net.minecraftforge.common.ForgeHooks.lambda$getLootTableDeserializer$3(ForgeHooks.java:849) ~[forge-1.20.1-47.4.20_mapped_official_1.20.1.jar%23190%23197!/:?] {re:classloading}
	at net.minecraft.world.level.storage.loot.LootDataType.deserialize(LootDataType.java:45) ~[forge-1.20.1-47.4.20_mapped_official_1.20.1.jar%23191!/:?] {re:classloading}
	at net.minecraft.world.level.storage.loot.LootDataManager.lambda$scheduleElementParse$4(LootDataManager.java:56) ~[forge-1.20.1-47.4.20_mapped_official_1.20.1.jar%23191!/:?] {re:classloading}
	at java.util.HashMap.forEach(HashMap.java:1421) ~[?:?] {}
	at net.minecraft.world.level.storage.loot.LootDataManager.lambda$scheduleElementParse$5(LootDataManager.java:55) ~[forge-1.20.1-47.4.20_mapped_official_1.20.1.jar%23191!/:?] {re:classloading}
	at java.util.concurrent.CompletableFuture$AsyncRun.run(CompletableFuture.java:1804) ~[?:?] {}
	at java.util.concurrent.CompletableFuture$AsyncRun.exec(CompletableFuture.java:1796) ~[?:?] {}
	at java.util.concurrent.ForkJoinTask.doExec(ForkJoinTask.java:373) ~[?:?] {}
	at java.util.concurrent.ForkJoinPool$WorkQueue.topLevelExec(ForkJoinPool.java:1182) ~[?:?] {}
	at java.util.concurrent.ForkJoinPool.scan(ForkJoinPool.java:1655) ~[?:?] {}
	at java.util.concurrent.ForkJoinPool.runWorker(ForkJoinPool.java:1622) ~[?:?] {}
	at java.util.concurrent.ForkJoinWorkerThread.run(ForkJoinWorkerThread.java:165) ~[?:?] {}
[23:58:10] [Worker-Main-16/DEBUG] [ne.mi.co.tr.CoreModBaseTransformer/COREMOD]: Transforming net/minecraft/world/entity/raid/Raid
[23:58:10] [Worker-Main-16/ERROR] [ne.mi.co.ForgeHooks/]: Couldn't parse element loot_tables:thirst:chests/simple_dungeon_fr
com.google.gson.JsonSyntaxException: Expected name to be an item, was unknown string 'farmersrespite:dandelion_tea'
	at net.minecraft.util.GsonHelper.lambda$convertToItem$0(GsonHelper.java:145) ~[forge-1.20.1-47.4.20_mapped_official_1.20.1.jar%23191!/:?] {re:classloading}
	at java.util.Optional.orElseThrow(Optional.java:403) ~[?:?] {}
	at net.minecraft.util.GsonHelper.convertToItem(GsonHelper.java:145) ~[forge-1.20.1-47.4.20_mapped_official_1.20.1.jar%23191!/:?] {re:classloading}
	at net.minecraft.util.GsonHelper.getAsItem(GsonHelper.java:153) ~[forge-1.20.1-47.4.20_mapped_official_1.20.1.jar%23191!/:?] {re:classloading}
	at net.minecraft.world.level.storage.loot.entries.LootItem$Serializer.deserialize(LootItem.java:55) ~[forge-1.20.1-47.4.20_mapped_official_1.20.1.jar%23191!/:?] {re:classloading}
	at net.minecraft.world.level.storage.loot.entries.LootItem$Serializer.deserialize(LootItem.java:40) ~[forge-1.20.1-47.4.20_mapped_official_1.20.1.jar%23191!/:?] {re:classloading}
	at net.minecraft.world.level.storage.loot.entries.LootPoolSingletonContainer$Serializer.deserializeCustom(LootPoolSingletonContainer.java:151) ~[forge-1.20.1-47.4.20_mapped_official_1.20.1.jar%23191!/:?] {re:classloading}
	at net.minecraft.world.level.storage.loot.entries.LootPoolSingletonContainer$Serializer.deserializeCustom(LootPoolSingletonContainer.java:129) ~[forge-1.20.1-47.4.20_mapped_official_1.20.1.jar%23191!/:?] {re:classloading}
	at net.minecraft.world.level.storage.loot.entries.LootPoolEntryContainer$Serializer.deserialize(LootPoolEntryContainer.java:86) ~[forge-1.20.1-47.4.20_mapped_official_1.20.1.jar%23191!/:?] {re:classloading}
	at net.minecraft.world.level.storage.loot.entries.LootPoolEntryContainer$Serializer.deserialize(LootPoolEntryContainer.java:74) ~[forge-1.20.1-47.4.20_mapped_official_1.20.1.jar%23191!/:?] {re:classloading}
	at net.minecraft.world.level.storage.loot.GsonAdapterFactory$JsonAdapter.deserialize(GsonAdapterFactory.java:102) ~[forge-1.20.1-47.4.20_mapped_official_1.20.1.jar%23191!/:?] {re:classloading}
	at com.google.gson.internal.bind.TreeTypeAdapter.read(TreeTypeAdapter.java:76) ~[gson-2.10.jar%23130!/:?] {}
	at com.google.gson.internal.bind.TypeAdapterRuntimeTypeWrapper.read(TypeAdapterRuntimeTypeWrapper.java:40) ~[gson-2.10.jar%23130!/:?] {}
	at com.google.gson.internal.bind.ArrayTypeAdapter.read(ArrayTypeAdapter.java:72) ~[gson-2.10.jar%23130!/:?] {}
	at com.google.gson.Gson.fromJson(Gson.java:1214) ~[gson-2.10.jar%23130!/:?] {}
	at com.google.gson.Gson.fromJson(Gson.java:1319) ~[gson-2.10.jar%23130!/:?] {}
	at com.google.gson.Gson.fromJson(Gson.java:1290) ~[gson-2.10.jar%23130!/:?] {}
	at com.google.gson.internal.bind.TreeTypeAdapter$GsonContextImpl.deserialize(TreeTypeAdapter.java:179) ~[gson-2.10.jar%23130!/:?] {}
	at net.minecraft.util.GsonHelper.convertToObject(GsonHelper.java:463) ~[forge-1.20.1-47.4.20_mapped_official_1.20.1.jar%23191!/:?] {re:classloading}
	at net.minecraft.util.GsonHelper.getAsObject(GsonHelper.java:471) ~[forge-1.20.1-47.4.20_mapped_official_1.20.1.jar%23191!/:?] {re:classloading}
	at net.minecraft.world.level.storage.loot.LootPool$Serializer.deserialize(LootPool.java:192) ~[forge-1.20.1-47.4.20_mapped_official_1.20.1.jar%23191!/:?] {re:classloading}
	at net.minecraft.world.level.storage.loot.LootPool$Serializer.deserialize(LootPool.java:189) ~[forge-1.20.1-47.4.20_mapped_official_1.20.1.jar%23191!/:?] {re:classloading}
	at com.google.gson.internal.bind.TreeTypeAdapter.read(TreeTypeAdapter.java:76) ~[gson-2.10.jar%23130!/:?] {}
	at com.google.gson.internal.bind.TypeAdapterRuntimeTypeWrapper.read(TypeAdapterRuntimeTypeWrapper.java:40) ~[gson-2.10.jar%23130!/:?] {}
	at com.google.gson.internal.bind.ArrayTypeAdapter.read(ArrayTypeAdapter.java:72) ~[gson-2.10.jar%23130!/:?] {}
	at com.google.gson.Gson.fromJson(Gson.java:1214) ~[gson-2.10.jar%23130!/:?] {}
	at com.google.gson.Gson.fromJson(Gson.java:1319) ~[gson-2.10.jar%23130!/:?] {}
	at com.google.gson.Gson.fromJson(Gson.java:1290) ~[gson-2.10.jar%23130!/:?] {}
	at com.google.gson.internal.bind.TreeTypeAdapter$GsonContextImpl.deserialize(TreeTypeAdapter.java:179) ~[gson-2.10.jar%23130!/:?] {}
	at net.minecraft.util.GsonHelper.convertToObject(GsonHelper.java:463) ~[forge-1.20.1-47.4.20_mapped_official_1.20.1.jar%23191!/:?] {re:classloading}
	at net.minecraft.util.GsonHelper.getAsObject(GsonHelper.java:481) ~[forge-1.20.1-47.4.20_mapped_official_1.20.1.jar%23191!/:?] {re:classloading}
	at net.minecraft.world.level.storage.loot.LootTable$Serializer.deserialize(LootTable.java:294) ~[forge-1.20.1-47.4.20_mapped_official_1.20.1.jar%23191!/:?] {re:classloading}
	at net.minecraft.world.level.storage.loot.LootTable$Serializer.deserialize(LootTable.java:291) ~[forge-1.20.1-47.4.20_mapped_official_1.20.1.jar%23191!/:?] {re:classloading}
	at com.google.gson.internal.bind.TreeTypeAdapter.read(TreeTypeAdapter.java:76) ~[gson-2.10.jar%23130!/:?] {}
	at com.google.gson.Gson.fromJson(Gson.java:1214) ~[gson-2.10.jar%23130!/:?] {}
	at com.google.gson.Gson.fromJson(Gson.java:1319) ~[gson-2.10.jar%23130!/:?] {}
	at com.google.gson.Gson.fromJson(Gson.java:1261) ~[gson-2.10.jar%23130!/:?] {}
	at net.minecraftforge.common.ForgeHooks.loadLootTable(ForgeHooks.java:872) ~[forge-1.20.1-47.4.20_mapped_official_1.20.1.jar%23190%23197!/:?] {re:classloading}
	at net.minecraftforge.common.ForgeHooks.lambda$getLootTableDeserializer$3(ForgeHooks.java:849) ~[forge-1.20.1-47.4.20_mapped_official_1.20.1.jar%23190%23197!/:?] {re:classloading}
	at net.minecraft.world.level.storage.loot.LootDataType.deserialize(LootDataType.java:45) ~[forge-1.20.1-47.4.20_mapped_official_1.20.1.jar%23191!/:?] {re:classloading}
	at net.minecraft.world.level.storage.loot.LootDataManager.lambda$scheduleElementParse$4(LootDataManager.java:56) ~[forge-1.20.1-47.4.20_mapped_official_1.20.1.jar%23191!/:?] {re:classloading}
	at java.util.HashMap.forEach(HashMap.java:1421) ~[?:?] {}
	at net.minecraft.world.level.storage.loot.LootDataManager.lambda$scheduleElementParse$5(LootDataManager.java:55) ~[forge-1.20.1-47.4.20_mapped_official_1.20.1.jar%23191!/:?] {re:classloading}
	at java.util.concurrent.CompletableFuture$AsyncRun.run(CompletableFuture.java:1804) ~[?:?] {}
	at java.util.concurrent.CompletableFuture$AsyncRun.exec(CompletableFuture.java:1796) ~[?:?] {}
	at java.util.concurrent.ForkJoinTask.doExec(ForkJoinTask.java:373) ~[?:?] {}
	at java.util.concurrent.ForkJoinPool$WorkQueue.topLevelExec(ForkJoinPool.java:1182) ~[?:?] {}
	at java.util.concurrent.ForkJoinPool.scan(ForkJoinPool.java:1655) ~[?:?] {}
	at java.util.concurrent.ForkJoinPool.runWorker(ForkJoinPool.java:1622) ~[?:?] {}
	at java.util.concurrent.ForkJoinWorkerThread.run(ForkJoinWorkerThread.java:165) ~[?:?] {}
[23:58:10] [Worker-Main-16/ERROR] [ne.mi.co.ForgeHooks/]: Couldn't parse element loot_tables:thirst:chests/nether_bridge_bc
com.google.gson.JsonSyntaxException: Expected name to be an item, was unknown string 'brewinandchewin:red_rum'
	at net.minecraft.util.GsonHelper.lambda$convertToItem$0(GsonHelper.java:145) ~[forge-1.20.1-47.4.20_mapped_official_1.20.1.jar%23191!/:?] {re:classloading}
	at java.util.Optional.orElseThrow(Optional.java:403) ~[?:?] {}
	at net.minecraft.util.GsonHelper.convertToItem(GsonHelper.java:145) ~[forge-1.20.1-47.4.20_mapped_official_1.20.1.jar%23191!/:?] {re:classloading}
	at net.minecraft.util.GsonHelper.getAsItem(GsonHelper.java:153) ~[forge-1.20.1-47.4.20_mapped_official_1.20.1.jar%23191!/:?] {re:classloading}
	at net.minecraft.world.level.storage.loot.entries.LootItem$Serializer.deserialize(LootItem.java:55) ~[forge-1.20.1-47.4.20_mapped_official_1.20.1.jar%23191!/:?] {re:classloading}
	at net.minecraft.world.level.storage.loot.entries.LootItem$Serializer.deserialize(LootItem.java:40) ~[forge-1.20.1-47.4.20_mapped_official_1.20.1.jar%23191!/:?] {re:classloading}
	at net.minecraft.world.level.storage.loot.entries.LootPoolSingletonContainer$Serializer.deserializeCustom(LootPoolSingletonContainer.java:151) ~[forge-1.20.1-47.4.20_mapped_official_1.20.1.jar%23191!/:?] {re:classloading}
	at net.minecraft.world.level.storage.loot.entries.LootPoolSingletonContainer$Serializer.deserializeCustom(LootPoolSingletonContainer.java:129) ~[forge-1.20.1-47.4.20_mapped_official_1.20.1.jar%23191!/:?] {re:classloading}
	at net.minecraft.world.level.storage.loot.entries.LootPoolEntryContainer$Serializer.deserialize(LootPoolEntryContainer.java:86) ~[forge-1.20.1-47.4.20_mapped_official_1.20.1.jar%23191!/:?] {re:classloading}
	at net.minecraft.world.level.storage.loot.entries.LootPoolEntryContainer$Serializer.deserialize(LootPoolEntryContainer.java:74) ~[forge-1.20.1-47.4.20_mapped_official_1.20.1.jar%23191!/:?] {re:classloading}
	at net.minecraft.world.level.storage.loot.GsonAdapterFactory$JsonAdapter.deserialize(GsonAdapterFactory.java:102) ~[forge-1.20.1-47.4.20_mapped_official_1.20.1.jar%23191!/:?] {re:classloading}
	at com.google.gson.internal.bind.TreeTypeAdapter.read(TreeTypeAdapter.java:76) ~[gson-2.10.jar%23130!/:?] {}
	at com.google.gson.internal.bind.TypeAdapterRuntimeTypeWrapper.read(TypeAdapterRuntimeTypeWrapper.java:40) ~[gson-2.10.jar%23130!/:?] {}
	at com.google.gson.internal.bind.ArrayTypeAdapter.read(ArrayTypeAdapter.java:72) ~[gson-2.10.jar%23130!/:?] {}
	at com.google.gson.Gson.fromJson(Gson.java:1214) ~[gson-2.10.jar%23130!/:?] {}
	at com.google.gson.Gson.fromJson(Gson.java:1319) ~[gson-2.10.jar%23130!/:?] {}
	at com.google.gson.Gson.fromJson(Gson.java:1290) ~[gson-2.10.jar%23130!/:?] {}
	at com.google.gson.internal.bind.TreeTypeAdapter$GsonContextImpl.deserialize(TreeTypeAdapter.java:179) ~[gson-2.10.jar%23130!/:?] {}
	at net.minecraft.util.GsonHelper.convertToObject(GsonHelper.java:463) ~[forge-1.20.1-47.4.20_mapped_official_1.20.1.jar%23191!/:?] {re:classloading}
	at net.minecraft.util.GsonHelper.getAsObject(GsonHelper.java:471) ~[forge-1.20.1-47.4.20_mapped_official_1.20.1.jar%23191!/:?] {re:classloading}
	at net.minecraft.world.level.storage.loot.LootPool$Serializer.deserialize(LootPool.java:192) ~[forge-1.20.1-47.4.20_mapped_official_1.20.1.jar%23191!/:?] {re:classloading}
	at net.minecraft.world.level.storage.loot.LootPool$Serializer.deserialize(LootPool.java:189) ~[forge-1.20.1-47.4.20_mapped_official_1.20.1.jar%23191!/:?] {re:classloading}
	at com.google.gson.internal.bind.TreeTypeAdapter.read(TreeTypeAdapter.java:76) ~[gson-2.10.jar%23130!/:?] {}
	at com.google.gson.internal.bind.TypeAdapterRuntimeTypeWrapper.read(TypeAdapterRuntimeTypeWrapper.java:40) ~[gson-2.10.jar%23130!/:?] {}
	at com.google.gson.internal.bind.ArrayTypeAdapter.read(ArrayTypeAdapter.java:72) ~[gson-2.10.jar%23130!/:?] {}
	at com.google.gson.Gson.fromJson(Gson.java:1214) ~[gson-2.10.jar%23130!/:?] {}
	at com.google.gson.Gson.fromJson(Gson.java:1319) ~[gson-2.10.jar%23130!/:?] {}
	at com.google.gson.Gson.fromJson(Gson.java:1290) ~[gson-2.10.jar%23130!/:?] {}
	at com.google.gson.internal.bind.TreeTypeAdapter$GsonContextImpl.deserialize(TreeTypeAdapter.java:179) ~[gson-2.10.jar%23130!/:?] {}
	at net.minecraft.util.GsonHelper.convertToObject(GsonHelper.java:463) ~[forge-1.20.1-47.4.20_mapped_official_1.20.1.jar%23191!/:?] {re:classloading}
	at net.minecraft.util.GsonHelper.getAsObject(GsonHelper.java:481) ~[forge-1.20.1-47.4.20_mapped_official_1.20.1.jar%23191!/:?] {re:classloading}
	at net.minecraft.world.level.storage.loot.LootTable$Serializer.deserialize(LootTable.java:294) ~[forge-1.20.1-47.4.20_mapped_official_1.20.1.jar%23191!/:?] {re:classloading}
	at net.minecraft.world.level.storage.loot.LootTable$Serializer.deserialize(LootTable.java:291) ~[forge-1.20.1-47.4.20_mapped_official_1.20.1.jar%23191!/:?] {re:classloading}
	at com.google.gson.internal.bind.TreeTypeAdapter.read(TreeTypeAdapter.java:76) ~[gson-2.10.jar%23130!/:?] {}
	at com.google.gson.Gson.fromJson(Gson.java:1214) ~[gson-2.10.jar%23130!/:?] {}
	at com.google.gson.Gson.fromJson(Gson.java:1319) ~[gson-2.10.jar%23130!/:?] {}
	at com.google.gson.Gson.fromJson(Gson.java:1261) ~[gson-2.10.jar%23130!/:?] {}
	at net.minecraftforge.common.ForgeHooks.loadLootTable(ForgeHooks.java:872) ~[forge-1.20.1-47.4.20_mapped_official_1.20.1.jar%23190%23197!/:?] {re:classloading}
	at net.minecraftforge.common.ForgeHooks.lambda$getLootTableDeserializer$3(ForgeHooks.java:849) ~[forge-1.20.1-47.4.20_mapped_official_1.20.1.jar%23190%23197!/:?] {re:classloading}
	at net.minecraft.world.level.storage.loot.LootDataType.deserialize(LootDataType.java:45) ~[forge-1.20.1-47.4.20_mapped_official_1.20.1.jar%23191!/:?] {re:classloading}
	at net.minecraft.world.level.storage.loot.LootDataManager.lambda$scheduleElementParse$4(LootDataManager.java:56) ~[forge-1.20.1-47.4.20_mapped_official_1.20.1.jar%23191!/:?] {re:classloading}
	at java.util.HashMap.forEach(HashMap.java:1421) ~[?:?] {}
	at net.minecraft.world.level.storage.loot.LootDataManager.lambda$scheduleElementParse$5(LootDataManager.java:55) ~[forge-1.20.1-47.4.20_mapped_official_1.20.1.jar%23191!/:?] {re:classloading}
	at java.util.concurrent.CompletableFuture$AsyncRun.run(CompletableFuture.java:1804) ~[?:?] {}
	at java.util.concurrent.CompletableFuture$AsyncRun.exec(CompletableFuture.java:1796) ~[?:?] {}
	at java.util.concurrent.ForkJoinTask.doExec(ForkJoinTask.java:373) ~[?:?] {}
	at java.util.concurrent.ForkJoinPool$WorkQueue.topLevelExec(ForkJoinPool.java:1182) ~[?:?] {}
	at java.util.concurrent.ForkJoinPool.scan(ForkJoinPool.java:1655) ~[?:?] {}
	at java.util.concurrent.ForkJoinPool.runWorker(ForkJoinPool.java:1622) ~[?:?] {}
	at java.util.concurrent.ForkJoinWorkerThread.run(ForkJoinWorkerThread.java:165) ~[?:?] {}
[23:58:10] [Worker-Main-16/ERROR] [ne.mi.co.ForgeHooks/]: Couldn't parse element loot_tables:thirst:chests/bastion_other_bc
com.google.gson.JsonSyntaxException: Expected name to be an item, was unknown string 'brewinandchewin:red_rum'
	at net.minecraft.util.GsonHelper.lambda$convertToItem$0(GsonHelper.java:145) ~[forge-1.20.1-47.4.20_mapped_official_1.20.1.jar%23191!/:?] {re:classloading}
	at java.util.Optional.orElseThrow(Optional.java:403) ~[?:?] {}
	at net.minecraft.util.GsonHelper.convertToItem(GsonHelper.java:145) ~[forge-1.20.1-47.4.20_mapped_official_1.20.1.jar%23191!/:?] {re:classloading}
	at net.minecraft.util.GsonHelper.getAsItem(GsonHelper.java:153) ~[forge-1.20.1-47.4.20_mapped_official_1.20.1.jar%23191!/:?] {re:classloading}
	at net.minecraft.world.level.storage.loot.entries.LootItem$Serializer.deserialize(LootItem.java:55) ~[forge-1.20.1-47.4.20_mapped_official_1.20.1.jar%23191!/:?] {re:classloading}
	at net.minecraft.world.level.storage.loot.entries.LootItem$Serializer.deserialize(LootItem.java:40) ~[forge-1.20.1-47.4.20_mapped_official_1.20.1.jar%23191!/:?] {re:classloading}
	at net.minecraft.world.level.storage.loot.entries.LootPoolSingletonContainer$Serializer.deserializeCustom(LootPoolSingletonContainer.java:151) ~[forge-1.20.1-47.4.20_mapped_official_1.20.1.jar%23191!/:?] {re:classloading}
	at net.minecraft.world.level.storage.loot.entries.LootPoolSingletonContainer$Serializer.deserializeCustom(LootPoolSingletonContainer.java:129) ~[forge-1.20.1-47.4.20_mapped_official_1.20.1.jar%23191!/:?] {re:classloading}
	at net.minecraft.world.level.storage.loot.entries.LootPoolEntryContainer$Serializer.deserialize(LootPoolEntryContainer.java:86) ~[forge-1.20.1-47.4.20_mapped_official_1.20.1.jar%23191!/:?] {re:classloading}
	at net.minecraft.world.level.storage.loot.entries.LootPoolEntryContainer$Serializer.deserialize(LootPoolEntryContainer.java:74) ~[forge-1.20.1-47.4.20_mapped_official_1.20.1.jar%23191!/:?] {re:classloading}
	at net.minecraft.world.level.storage.loot.GsonAdapterFactory$JsonAdapter.deserialize(GsonAdapterFactory.java:102) ~[forge-1.20.1-47.4.20_mapped_official_1.20.1.jar%23191!/:?] {re:classloading}
	at com.google.gson.internal.bind.TreeTypeAdapter.read(TreeTypeAdapter.java:76) ~[gson-2.10.jar%23130!/:?] {}
	at com.google.gson.internal.bind.TypeAdapterRuntimeTypeWrapper.read(TypeAdapterRuntimeTypeWrapper.java:40) ~[gson-2.10.jar%23130!/:?] {}
	at com.google.gson.internal.bind.ArrayTypeAdapter.read(ArrayTypeAdapter.java:72) ~[gson-2.10.jar%23130!/:?] {}
	at com.google.gson.Gson.fromJson(Gson.java:1214) ~[gson-2.10.jar%23130!/:?] {}
	at com.google.gson.Gson.fromJson(Gson.java:1319) ~[gson-2.10.jar%23130!/:?] {}
	at com.google.gson.Gson.fromJson(Gson.java:1290) ~[gson-2.10.jar%23130!/:?] {}
	at com.google.gson.internal.bind.TreeTypeAdapter$GsonContextImpl.deserialize(TreeTypeAdapter.java:179) ~[gson-2.10.jar%23130!/:?] {}
	at net.minecraft.util.GsonHelper.convertToObject(GsonHelper.java:463) ~[forge-1.20.1-47.4.20_mapped_official_1.20.1.jar%23191!/:?] {re:classloading}
	at net.minecraft.util.GsonHelper.getAsObject(GsonHelper.java:471) ~[forge-1.20.1-47.4.20_mapped_official_1.20.1.jar%23191!/:?] {re:classloading}
	at net.minecraft.world.level.storage.loot.LootPool$Serializer.deserialize(LootPool.java:192) ~[forge-1.20.1-47.4.20_mapped_official_1.20.1.jar%23191!/:?] {re:classloading}
	at net.minecraft.world.level.storage.loot.LootPool$Serializer.deserialize(LootPool.java:189) ~[forge-1.20.1-47.4.20_mapped_official_1.20.1.jar%23191!/:?] {re:classloading}
	at com.google.gson.internal.bind.TreeTypeAdapter.read(TreeTypeAdapter.java:76) ~[gson-2.10.jar%23130!/:?] {}
	at com.google.gson.internal.bind.TypeAdapterRuntimeTypeWrapper.read(TypeAdapterRuntimeTypeWrapper.java:40) ~[gson-2.10.jar%23130!/:?] {}
	at com.google.gson.internal.bind.ArrayTypeAdapter.read(ArrayTypeAdapter.java:72) ~[gson-2.10.jar%23130!/:?] {}
	at com.google.gson.Gson.fromJson(Gson.java:1214) ~[gson-2.10.jar%23130!/:?] {}
	at com.google.gson.Gson.fromJson(Gson.java:1319) ~[gson-2.10.jar%23130!/:?] {}
	at com.google.gson.Gson.fromJson(Gson.java:1290) ~[gson-2.10.jar%23130!/:?] {}
	at com.google.gson.internal.bind.TreeTypeAdapter$GsonContextImpl.deserialize(TreeTypeAdapter.java:179) ~[gson-2.10.jar%23130!/:?] {}
	at net.minecraft.util.GsonHelper.convertToObject(GsonHelper.java:463) ~[forge-1.20.1-47.4.20_mapped_official_1.20.1.jar%23191!/:?] {re:classloading}
	at net.minecraft.util.GsonHelper.getAsObject(GsonHelper.java:481) ~[forge-1.20.1-47.4.20_mapped_official_1.20.1.jar%23191!/:?] {re:classloading}
	at net.minecraft.world.level.storage.loot.LootTable$Serializer.deserialize(LootTable.java:294) ~[forge-1.20.1-47.4.20_mapped_official_1.20.1.jar%23191!/:?] {re:classloading}
	at net.minecraft.world.level.storage.loot.LootTable$Serializer.deserialize(LootTable.java:291) ~[forge-1.20.1-47.4.20_mapped_official_1.20.1.jar%23191!/:?] {re:classloading}
	at com.google.gson.internal.bind.TreeTypeAdapter.read(TreeTypeAdapter.java:76) ~[gson-2.10.jar%23130!/:?] {}
	at com.google.gson.Gson.fromJson(Gson.java:1214) ~[gson-2.10.jar%23130!/:?] {}
	at com.google.gson.Gson.fromJson(Gson.java:1319) ~[gson-2.10.jar%23130!/:?] {}
	at com.google.gson.Gson.fromJson(Gson.java:1261) ~[gson-2.10.jar%23130!/:?] {}
	at net.minecraftforge.common.ForgeHooks.loadLootTable(ForgeHooks.java:872) ~[forge-1.20.1-47.4.20_mapped_official_1.20.1.jar%23190%23197!/:?] {re:classloading}
	at net.minecraftforge.common.ForgeHooks.lambda$getLootTableDeserializer$3(ForgeHooks.java:849) ~[forge-1.20.1-47.4.20_mapped_official_1.20.1.jar%23190%23197!/:?] {re:classloading}
	at net.minecraft.world.level.storage.loot.LootDataType.deserialize(LootDataType.java:45) ~[forge-1.20.1-47.4.20_mapped_official_1.20.1.jar%23191!/:?] {re:classloading}
	at net.minecraft.world.level.storage.loot.LootDataManager.lambda$scheduleElementParse$4(LootDataManager.java:56) ~[forge-1.20.1-47.4.20_mapped_official_1.20.1.jar%23191!/:?] {re:classloading}
	at java.util.HashMap.forEach(HashMap.java:1421) ~[?:?] {}
	at net.minecraft.world.level.storage.loot.LootDataManager.lambda$scheduleElementParse$5(LootDataManager.java:55) ~[forge-1.20.1-47.4.20_mapped_official_1.20.1.jar%23191!/:?] {re:classloading}
	at java.util.concurrent.CompletableFuture$AsyncRun.run(CompletableFuture.java:1804) ~[?:?] {}
	at java.util.concurrent.CompletableFuture$AsyncRun.exec(CompletableFuture.java:1796) ~[?:?] {}
	at java.util.concurrent.ForkJoinTask.doExec(ForkJoinTask.java:373) ~[?:?] {}
	at java.util.concurrent.ForkJoinPool$WorkQueue.topLevelExec(ForkJoinPool.java:1182) ~[?:?] {}
	at java.util.concurrent.ForkJoinPool.scan(ForkJoinPool.java:1655) ~[?:?] {}
	at java.util.concurrent.ForkJoinPool.runWorker(ForkJoinPool.java:1622) ~[?:?] {}
	at java.util.concurrent.ForkJoinWorkerThread.run(ForkJoinWorkerThread.java:165) ~[?:?] {}
[23:58:10] [Worker-Main-16/ERROR] [ne.mi.co.ForgeHooks/]: Couldn't parse element loot_tables:thirst:blocks/sand_filter
com.google.gson.JsonSyntaxException: Expected name to be an item, was unknown string 'thirst:sand_filter'
	at net.minecraft.util.GsonHelper.lambda$convertToItem$0(GsonHelper.java:145) ~[forge-1.20.1-47.4.20_mapped_official_1.20.1.jar%23191!/:?] {re:classloading}
	at java.util.Optional.orElseThrow(Optional.java:403) ~[?:?] {}
	at net.minecraft.util.GsonHelper.convertToItem(GsonHelper.java:145) ~[forge-1.20.1-47.4.20_mapped_official_1.20.1.jar%23191!/:?] {re:classloading}
	at net.minecraft.util.GsonHelper.getAsItem(GsonHelper.java:153) ~[forge-1.20.1-47.4.20_mapped_official_1.20.1.jar%23191!/:?] {re:classloading}
	at net.minecraft.world.level.storage.loot.entries.LootItem$Serializer.deserialize(LootItem.java:55) ~[forge-1.20.1-47.4.20_mapped_official_1.20.1.jar%23191!/:?] {re:classloading}
	at net.minecraft.world.level.storage.loot.entries.LootItem$Serializer.deserialize(LootItem.java:40) ~[forge-1.20.1-47.4.20_mapped_official_1.20.1.jar%23191!/:?] {re:classloading}
	at net.minecraft.world.level.storage.loot.entries.LootPoolSingletonContainer$Serializer.deserializeCustom(LootPoolSingletonContainer.java:151) ~[forge-1.20.1-47.4.20_mapped_official_1.20.1.jar%23191!/:?] {re:classloading}
	at net.minecraft.world.level.storage.loot.entries.LootPoolSingletonContainer$Serializer.deserializeCustom(LootPoolSingletonContainer.java:129) ~[forge-1.20.1-47.4.20_mapped_official_1.20.1.jar%23191!/:?] {re:classloading}
	at net.minecraft.world.level.storage.loot.entries.LootPoolEntryContainer$Serializer.deserialize(LootPoolEntryContainer.java:86) ~[forge-1.20.1-47.4.20_mapped_official_1.20.1.jar%23191!/:?] {re:classloading}
	at net.minecraft.world.level.storage.loot.entries.LootPoolEntryContainer$Serializer.deserialize(LootPoolEntryContainer.java:74) ~[forge-1.20.1-47.4.20_mapped_official_1.20.1.jar%23191!/:?] {re:classloading}
	at net.minecraft.world.level.storage.loot.GsonAdapterFactory$JsonAdapter.deserialize(GsonAdapterFactory.java:102) ~[forge-1.20.1-47.4.20_mapped_official_1.20.1.jar%23191!/:?] {re:classloading}
	at com.google.gson.internal.bind.TreeTypeAdapter.read(TreeTypeAdapter.java:76) ~[gson-2.10.jar%23130!/:?] {}
	at com.google.gson.internal.bind.TypeAdapterRuntimeTypeWrapper.read(TypeAdapterRuntimeTypeWrapper.java:40) ~[gson-2.10.jar%23130!/:?] {}
	at com.google.gson.internal.bind.ArrayTypeAdapter.read(ArrayTypeAdapter.java:72) ~[gson-2.10.jar%23130!/:?] {}
	at com.google.gson.Gson.fromJson(Gson.java:1214) ~[gson-2.10.jar%23130!/:?] {}
	at com.google.gson.Gson.fromJson(Gson.java:1319) ~[gson-2.10.jar%23130!/:?] {}
	at com.google.gson.Gson.fromJson(Gson.java:1290) ~[gson-2.10.jar%23130!/:?] {}
	at com.google.gson.internal.bind.TreeTypeAdapter$GsonContextImpl.deserialize(TreeTypeAdapter.java:179) ~[gson-2.10.jar%23130!/:?] {}
	at net.minecraft.util.GsonHelper.convertToObject(GsonHelper.java:463) ~[forge-1.20.1-47.4.20_mapped_official_1.20.1.jar%23191!/:?] {re:classloading}
	at net.minecraft.util.GsonHelper.getAsObject(GsonHelper.java:471) ~[forge-1.20.1-47.4.20_mapped_official_1.20.1.jar%23191!/:?] {re:classloading}
	at net.minecraft.world.level.storage.loot.LootPool$Serializer.deserialize(LootPool.java:192) ~[forge-1.20.1-47.4.20_mapped_official_1.20.1.jar%23191!/:?] {re:classloading}
	at net.minecraft.world.level.storage.loot.LootPool$Serializer.deserialize(LootPool.java:189) ~[forge-1.20.1-47.4.20_mapped_official_1.20.1.jar%23191!/:?] {re:classloading}
	at com.google.gson.internal.bind.TreeTypeAdapter.read(TreeTypeAdapter.java:76) ~[gson-2.10.jar%23130!/:?] {}
	at com.google.gson.internal.bind.TypeAdapterRuntimeTypeWrapper.read(TypeAdapterRuntimeTypeWrapper.java:40) ~[gson-2.10.jar%23130!/:?] {}
	at com.google.gson.internal.bind.ArrayTypeAdapter.read(ArrayTypeAdapter.java:72) ~[gson-2.10.jar%23130!/:?] {}
	at com.google.gson.Gson.fromJson(Gson.java:1214) ~[gson-2.10.jar%23130!/:?] {}
	at com.google.gson.Gson.fromJson(Gson.java:1319) ~[gson-2.10.jar%23130!/:?] {}
	at com.google.gson.Gson.fromJson(Gson.java:1290) ~[gson-2.10.jar%23130!/:?] {}
	at com.google.gson.internal.bind.TreeTypeAdapter$GsonContextImpl.deserialize(TreeTypeAdapter.java:179) ~[gson-2.10.jar%23130!/:?] {}
	at net.minecraft.util.GsonHelper.convertToObject(GsonHelper.java:463) ~[forge-1.20.1-47.4.20_mapped_official_1.20.1.jar%23191!/:?] {re:classloading}
	at net.minecraft.util.GsonHelper.getAsObject(GsonHelper.java:481) ~[forge-1.20.1-47.4.20_mapped_official_1.20.1.jar%23191!/:?] {re:classloading}
	at net.minecraft.world.level.storage.loot.LootTable$Serializer.deserialize(LootTable.java:294) ~[forge-1.20.1-47.4.20_mapped_official_1.20.1.jar%23191!/:?] {re:classloading}
	at net.minecraft.world.level.storage.loot.LootTable$Serializer.deserialize(LootTable.java:291) ~[forge-1.20.1-47.4.20_mapped_official_1.20.1.jar%23191!/:?] {re:classloading}
	at com.google.gson.internal.bind.TreeTypeAdapter.read(TreeTypeAdapter.java:76) ~[gson-2.10.jar%23130!/:?] {}
	at com.google.gson.Gson.fromJson(Gson.java:1214) ~[gson-2.10.jar%23130!/:?] {}
	at com.google.gson.Gson.fromJson(Gson.java:1319) ~[gson-2.10.jar%23130!/:?] {}
	at com.google.gson.Gson.fromJson(Gson.java:1261) ~[gson-2.10.jar%23130!/:?] {}
	at net.minecraftforge.common.ForgeHooks.loadLootTable(ForgeHooks.java:872) ~[forge-1.20.1-47.4.20_mapped_official_1.20.1.jar%23190%23197!/:?] {re:classloading}
	at net.minecraftforge.common.ForgeHooks.lambda$getLootTableDeserializer$3(ForgeHooks.java:849) ~[forge-1.20.1-47.4.20_mapped_official_1.20.1.jar%23190%23197!/:?] {re:classloading}
	at net.minecraft.world.level.storage.loot.LootDataType.deserialize(LootDataType.java:45) ~[forge-1.20.1-47.4.20_mapped_official_1.20.1.jar%23191!/:?] {re:classloading}
	at net.minecraft.world.level.storage.loot.LootDataManager.lambda$scheduleElementParse$4(LootDataManager.java:56) ~[forge-1.20.1-47.4.20_mapped_official_1.20.1.jar%23191!/:?] {re:classloading}
	at java.util.HashMap.forEach(HashMap.java:1421) ~[?:?] {}
	at net.minecraft.world.level.storage.loot.LootDataManager.lambda$scheduleElementParse$5(LootDataManager.java:55) ~[forge-1.20.1-47.4.20_mapped_official_1.20.1.jar%23191!/:?] {re:classloading}
	at java.util.concurrent.CompletableFuture$AsyncRun.run(CompletableFuture.java:1804) ~[?:?] {}
	at java.util.concurrent.CompletableFuture$AsyncRun.exec(CompletableFuture.java:1796) ~[?:?] {}
	at java.util.concurrent.ForkJoinTask.doExec(ForkJoinTask.java:373) ~[?:?] {}
	at java.util.concurrent.ForkJoinPool$WorkQueue.topLevelExec(ForkJoinPool.java:1182) ~[?:?] {}
	at java.util.concurrent.ForkJoinPool.scan(ForkJoinPool.java:1655) ~[?:?] {}
	at java.util.concurrent.ForkJoinPool.runWorker(ForkJoinPool.java:1622) ~[?:?] {}
	at java.util.concurrent.ForkJoinWorkerThread.run(ForkJoinWorkerThread.java:165) ~[?:?] {}
[23:58:10] [Worker-Main-16/ERROR] [ne.mi.co.ForgeHooks/]: Couldn't parse element loot_tables:thirst:chests/shipwreck_supply_bc
com.google.gson.JsonSyntaxException: Expected name to be an item, was unknown string 'brewinandchewin:mead'
	at net.minecraft.util.GsonHelper.lambda$convertToItem$0(GsonHelper.java:145) ~[forge-1.20.1-47.4.20_mapped_official_1.20.1.jar%23191!/:?] {re:classloading}
	at java.util.Optional.orElseThrow(Optional.java:403) ~[?:?] {}
	at net.minecraft.util.GsonHelper.convertToItem(GsonHelper.java:145) ~[forge-1.20.1-47.4.20_mapped_official_1.20.1.jar%23191!/:?] {re:classloading}
	at net.minecraft.util.GsonHelper.getAsItem(GsonHelper.java:153) ~[forge-1.20.1-47.4.20_mapped_official_1.20.1.jar%23191!/:?] {re:classloading}
	at net.minecraft.world.level.storage.loot.entries.LootItem$Serializer.deserialize(LootItem.java:55) ~[forge-1.20.1-47.4.20_mapped_official_1.20.1.jar%23191!/:?] {re:classloading}
	at net.minecraft.world.level.storage.loot.entries.LootItem$Serializer.deserialize(LootItem.java:40) ~[forge-1.20.1-47.4.20_mapped_official_1.20.1.jar%23191!/:?] {re:classloading}
	at net.minecraft.world.level.storage.loot.entries.LootPoolSingletonContainer$Serializer.deserializeCustom(LootPoolSingletonContainer.java:151) ~[forge-1.20.1-47.4.20_mapped_official_1.20.1.jar%23191!/:?] {re:classloading}
	at net.minecraft.world.level.storage.loot.entries.LootPoolSingletonContainer$Serializer.deserializeCustom(LootPoolSingletonContainer.java:129) ~[forge-1.20.1-47.4.20_mapped_official_1.20.1.jar%23191!/:?] {re:classloading}
	at net.minecraft.world.level.storage.loot.entries.LootPoolEntryContainer$Serializer.deserialize(LootPoolEntryContainer.java:86) ~[forge-1.20.1-47.4.20_mapped_official_1.20.1.jar%23191!/:?] {re:classloading}
	at net.minecraft.world.level.storage.loot.entries.LootPoolEntryContainer$Serializer.deserialize(LootPoolEntryContainer.java:74) ~[forge-1.20.1-47.4.20_mapped_official_1.20.1.jar%23191!/:?] {re:classloading}
	at net.minecraft.world.level.storage.loot.GsonAdapterFactory$JsonAdapter.deserialize(GsonAdapterFactory.java:102) ~[forge-1.20.1-47.4.20_mapped_official_1.20.1.jar%23191!/:?] {re:classloading}
	at com.google.gson.internal.bind.TreeTypeAdapter.read(TreeTypeAdapter.java:76) ~[gson-2.10.jar%23130!/:?] {}
	at com.google.gson.internal.bind.TypeAdapterRuntimeTypeWrapper.read(TypeAdapterRuntimeTypeWrapper.java:40) ~[gson-2.10.jar%23130!/:?] {}
	at com.google.gson.internal.bind.ArrayTypeAdapter.read(ArrayTypeAdapter.java:72) ~[gson-2.10.jar%23130!/:?] {}
	at com.google.gson.Gson.fromJson(Gson.java:1214) ~[gson-2.10.jar%23130!/:?] {}
	at com.google.gson.Gson.fromJson(Gson.java:1319) ~[gson-2.10.jar%23130!/:?] {}
	at com.google.gson.Gson.fromJson(Gson.java:1290) ~[gson-2.10.jar%23130!/:?] {}
	at com.google.gson.internal.bind.TreeTypeAdapter$GsonContextImpl.deserialize(TreeTypeAdapter.java:179) ~[gson-2.10.jar%23130!/:?] {}
	at net.minecraft.util.GsonHelper.convertToObject(GsonHelper.java:463) ~[forge-1.20.1-47.4.20_mapped_official_1.20.1.jar%23191!/:?] {re:classloading}
	at net.minecraft.util.GsonHelper.getAsObject(GsonHelper.java:471) ~[forge-1.20.1-47.4.20_mapped_official_1.20.1.jar%23191!/:?] {re:classloading}
	at net.minecraft.world.level.storage.loot.LootPool$Serializer.deserialize(LootPool.java:192) ~[forge-1.20.1-47.4.20_mapped_official_1.20.1.jar%23191!/:?] {re:classloading}
	at net.minecraft.world.level.storage.loot.LootPool$Serializer.deserialize(LootPool.java:189) ~[forge-1.20.1-47.4.20_mapped_official_1.20.1.jar%23191!/:?] {re:classloading}
	at com.google.gson.internal.bind.TreeTypeAdapter.read(TreeTypeAdapter.java:76) ~[gson-2.10.jar%23130!/:?] {}
	at com.google.gson.internal.bind.TypeAdapterRuntimeTypeWrapper.read(TypeAdapterRuntimeTypeWrapper.java:40) ~[gson-2.10.jar%23130!/:?] {}
	at com.google.gson.internal.bind.ArrayTypeAdapter.read(ArrayTypeAdapter.java:72) ~[gson-2.10.jar%23130!/:?] {}
	at com.google.gson.Gson.fromJson(Gson.java:1214) ~[gson-2.10.jar%23130!/:?] {}
	at com.google.gson.Gson.fromJson(Gson.java:1319) ~[gson-2.10.jar%23130!/:?] {}
	at com.google.gson.Gson.fromJson(Gson.java:1290) ~[gson-2.10.jar%23130!/:?] {}
	at com.google.gson.internal.bind.TreeTypeAdapter$GsonContextImpl.deserialize(TreeTypeAdapter.java:179) ~[gson-2.10.jar%23130!/:?] {}
	at net.minecraft.util.GsonHelper.convertToObject(GsonHelper.java:463) ~[forge-1.20.1-47.4.20_mapped_official_1.20.1.jar%23191!/:?] {re:classloading}
	at net.minecraft.util.GsonHelper.getAsObject(GsonHelper.java:481) ~[forge-1.20.1-47.4.20_mapped_official_1.20.1.jar%23191!/:?] {re:classloading}
	at net.minecraft.world.level.storage.loot.LootTable$Serializer.deserialize(LootTable.java:294) ~[forge-1.20.1-47.4.20_mapped_official_1.20.1.jar%23191!/:?] {re:classloading}
	at net.minecraft.world.level.storage.loot.LootTable$Serializer.deserialize(LootTable.java:291) ~[forge-1.20.1-47.4.20_mapped_official_1.20.1.jar%23191!/:?] {re:classloading}
	at com.google.gson.internal.bind.TreeTypeAdapter.read(TreeTypeAdapter.java:76) ~[gson-2.10.jar%23130!/:?] {}
	at com.google.gson.Gson.fromJson(Gson.java:1214) ~[gson-2.10.jar%23130!/:?] {}
	at com.google.gson.Gson.fromJson(Gson.java:1319) ~[gson-2.10.jar%23130!/:?] {}
	at com.google.gson.Gson.fromJson(Gson.java:1261) ~[gson-2.10.jar%23130!/:?] {}
	at net.minecraftforge.common.ForgeHooks.loadLootTable(ForgeHooks.java:872) ~[forge-1.20.1-47.4.20_mapped_official_1.20.1.jar%23190%23197!/:?] {re:classloading}
	at net.minecraftforge.common.ForgeHooks.lambda$getLootTableDeserializer$3(ForgeHooks.java:849) ~[forge-1.20.1-47.4.20_mapped_official_1.20.1.jar%23190%23197!/:?] {re:classloading}
	at net.minecraft.world.level.storage.loot.LootDataType.deserialize(LootDataType.java:45) ~[forge-1.20.1-47.4.20_mapped_official_1.20.1.jar%23191!/:?] {re:classloading}
	at net.minecraft.world.level.storage.loot.LootDataManager.lambda$scheduleElementParse$4(LootDataManager.java:56) ~[forge-1.20.1-47.4.20_mapped_official_1.20.1.jar%23191!/:?] {re:classloading}
	at java.util.HashMap.forEach(HashMap.java:1421) ~[?:?] {}
	at net.minecraft.world.level.storage.loot.LootDataManager.lambda$scheduleElementParse$5(LootDataManager.java:55) ~[forge-1.20.1-47.4.20_mapped_official_1.20.1.jar%23191!/:?] {re:classloading}
	at java.util.concurrent.CompletableFuture$AsyncRun.run(CompletableFuture.java:1804) ~[?:?] {}
	at java.util.concurrent.CompletableFuture$AsyncRun.exec(CompletableFuture.java:1796) ~[?:?] {}
	at java.util.concurrent.ForkJoinTask.doExec(ForkJoinTask.java:373) ~[?:?] {}
	at java.util.concurrent.ForkJoinPool$WorkQueue.topLevelExec(ForkJoinPool.java:1182) ~[?:?] {}
	at java.util.concurrent.ForkJoinPool.scan(ForkJoinPool.java:1655) ~[?:?] {}
	at java.util.concurrent.ForkJoinPool.runWorker(ForkJoinPool.java:1622) ~[?:?] {}
	at java.util.concurrent.ForkJoinWorkerThread.run(ForkJoinWorkerThread.java:165) ~[?:?] {}
[23:58:10] [Worker-Main-16/ERROR] [ne.mi.co.ForgeHooks/]: Couldn't parse element loot_tables:thirst:chests/bastion_other_fr
com.google.gson.JsonSyntaxException: Expected name to be an item, was unknown string 'farmersrespite:rose_hip_tea'
	at net.minecraft.util.GsonHelper.lambda$convertToItem$0(GsonHelper.java:145) ~[forge-1.20.1-47.4.20_mapped_official_1.20.1.jar%23191!/:?] {re:classloading}
	at java.util.Optional.orElseThrow(Optional.java:403) ~[?:?] {}
	at net.minecraft.util.GsonHelper.convertToItem(GsonHelper.java:145) ~[forge-1.20.1-47.4.20_mapped_official_1.20.1.jar%23191!/:?] {re:classloading}
	at net.minecraft.util.GsonHelper.getAsItem(GsonHelper.java:153) ~[forge-1.20.1-47.4.20_mapped_official_1.20.1.jar%23191!/:?] {re:classloading}
	at net.minecraft.world.level.storage.loot.entries.LootItem$Serializer.deserialize(LootItem.java:55) ~[forge-1.20.1-47.4.20_mapped_official_1.20.1.jar%23191!/:?] {re:classloading}
	at net.minecraft.world.level.storage.loot.entries.LootItem$Serializer.deserialize(LootItem.java:40) ~[forge-1.20.1-47.4.20_mapped_official_1.20.1.jar%23191!/:?] {re:classloading}
	at net.minecraft.world.level.storage.loot.entries.LootPoolSingletonContainer$Serializer.deserializeCustom(LootPoolSingletonContainer.java:151) ~[forge-1.20.1-47.4.20_mapped_official_1.20.1.jar%23191!/:?] {re:classloading}
	at net.minecraft.world.level.storage.loot.entries.LootPoolSingletonContainer$Serializer.deserializeCustom(LootPoolSingletonContainer.java:129) ~[forge-1.20.1-47.4.20_mapped_official_1.20.1.jar%23191!/:?] {re:classloading}
	at net.minecraft.world.level.storage.loot.entries.LootPoolEntryContainer$Serializer.deserialize(LootPoolEntryContainer.java:86) ~[forge-1.20.1-47.4.20_mapped_official_1.20.1.jar%23191!/:?] {re:classloading}
	at net.minecraft.world.level.storage.loot.entries.LootPoolEntryContainer$Serializer.deserialize(LootPoolEntryContainer.java:74) ~[forge-1.20.1-47.4.20_mapped_official_1.20.1.jar%23191!/:?] {re:classloading}
	at net.minecraft.world.level.storage.loot.GsonAdapterFactory$JsonAdapter.deserialize(GsonAdapterFactory.java:102) ~[forge-1.20.1-47.4.20_mapped_official_1.20.1.jar%23191!/:?] {re:classloading}
	at com.google.gson.internal.bind.TreeTypeAdapter.read(TreeTypeAdapter.java:76) ~[gson-2.10.jar%23130!/:?] {}
	at com.google.gson.internal.bind.TypeAdapterRuntimeTypeWrapper.read(TypeAdapterRuntimeTypeWrapper.java:40) ~[gson-2.10.jar%23130!/:?] {}
	at com.google.gson.internal.bind.ArrayTypeAdapter.read(ArrayTypeAdapter.java:72) ~[gson-2.10.jar%23130!/:?] {}
	at com.google.gson.Gson.fromJson(Gson.java:1214) ~[gson-2.10.jar%23130!/:?] {}
	at com.google.gson.Gson.fromJson(Gson.java:1319) ~[gson-2.10.jar%23130!/:?] {}
	at com.google.gson.Gson.fromJson(Gson.java:1290) ~[gson-2.10.jar%23130!/:?] {}
	at com.google.gson.internal.bind.TreeTypeAdapter$GsonContextImpl.deserialize(TreeTypeAdapter.java:179) ~[gson-2.10.jar%23130!/:?] {}
	at net.minecraft.util.GsonHelper.convertToObject(GsonHelper.java:463) ~[forge-1.20.1-47.4.20_mapped_official_1.20.1.jar%23191!/:?] {re:classloading}
	at net.minecraft.util.GsonHelper.getAsObject(GsonHelper.java:471) ~[forge-1.20.1-47.4.20_mapped_official_1.20.1.jar%23191!/:?] {re:classloading}
	at net.minecraft.world.level.storage.loot.LootPool$Serializer.deserialize(LootPool.java:192) ~[forge-1.20.1-47.4.20_mapped_official_1.20.1.jar%23191!/:?] {re:classloading}
	at net.minecraft.world.level.storage.loot.LootPool$Serializer.deserialize(LootPool.java:189) ~[forge-1.20.1-47.4.20_mapped_official_1.20.1.jar%23191!/:?] {re:classloading}
	at com.google.gson.internal.bind.TreeTypeAdapter.read(TreeTypeAdapter.java:76) ~[gson-2.10.jar%23130!/:?] {}
	at com.google.gson.internal.bind.TypeAdapterRuntimeTypeWrapper.read(TypeAdapterRuntimeTypeWrapper.java:40) ~[gson-2.10.jar%23130!/:?] {}
	at com.google.gson.internal.bind.ArrayTypeAdapter.read(ArrayTypeAdapter.java:72) ~[gson-2.10.jar%23130!/:?] {}
	at com.google.gson.Gson.fromJson(Gson.java:1214) ~[gson-2.10.jar%23130!/:?] {}
	at com.google.gson.Gson.fromJson(Gson.java:1319) ~[gson-2.10.jar%23130!/:?] {}
	at com.google.gson.Gson.fromJson(Gson.java:1290) ~[gson-2.10.jar%23130!/:?] {}
	at com.google.gson.internal.bind.TreeTypeAdapter$GsonContextImpl.deserialize(TreeTypeAdapter.java:179) ~[gson-2.10.jar%23130!/:?] {}
	at net.minecraft.util.GsonHelper.convertToObject(GsonHelper.java:463) ~[forge-1.20.1-47.4.20_mapped_official_1.20.1.jar%23191!/:?] {re:classloading}
	at net.minecraft.util.GsonHelper.getAsObject(GsonHelper.java:481) ~[forge-1.20.1-47.4.20_mapped_official_1.20.1.jar%23191!/:?] {re:classloading}
	at net.minecraft.world.level.storage.loot.LootTable$Serializer.deserialize(LootTable.java:294) ~[forge-1.20.1-47.4.20_mapped_official_1.20.1.jar%23191!/:?] {re:classloading}
	at net.minecraft.world.level.storage.loot.LootTable$Serializer.deserialize(LootTable.java:291) ~[forge-1.20.1-47.4.20_mapped_official_1.20.1.jar%23191!/:?] {re:classloading}
	at com.google.gson.internal.bind.TreeTypeAdapter.read(TreeTypeAdapter.java:76) ~[gson-2.10.jar%23130!/:?] {}
	at com.google.gson.Gson.fromJson(Gson.java:1214) ~[gson-2.10.jar%23130!/:?] {}
	at com.google.gson.Gson.fromJson(Gson.java:1319) ~[gson-2.10.jar%23130!/:?] {}
	at com.google.gson.Gson.fromJson(Gson.java:1261) ~[gson-2.10.jar%23130!/:?] {}
	at net.minecraftforge.common.ForgeHooks.loadLootTable(ForgeHooks.java:872) ~[forge-1.20.1-47.4.20_mapped_official_1.20.1.jar%23190%23197!/:?] {re:classloading}
	at net.minecraftforge.common.ForgeHooks.lambda$getLootTableDeserializer$3(ForgeHooks.java:849) ~[forge-1.20.1-47.4.20_mapped_official_1.20.1.jar%23190%23197!/:?] {re:classloading}
	at net.minecraft.world.level.storage.loot.LootDataType.deserialize(LootDataType.java:45) ~[forge-1.20.1-47.4.20_mapped_official_1.20.1.jar%23191!/:?] {re:classloading}
	at net.minecraft.world.level.storage.loot.LootDataManager.lambda$scheduleElementParse$4(LootDataManager.java:56) ~[forge-1.20.1-47.4.20_mapped_official_1.20.1.jar%23191!/:?] {re:classloading}
	at java.util.HashMap.forEach(HashMap.java:1421) ~[?:?] {}
	at net.minecraft.world.level.storage.loot.LootDataManager.lambda$scheduleElementParse$5(LootDataManager.java:55) ~[forge-1.20.1-47.4.20_mapped_official_1.20.1.jar%23191!/:?] {re:classloading}
	at java.util.concurrent.CompletableFuture$AsyncRun.run(CompletableFuture.java:1804) ~[?:?] {}
	at java.util.concurrent.CompletableFuture$AsyncRun.exec(CompletableFuture.java:1796) ~[?:?] {}
	at java.util.concurrent.ForkJoinTask.doExec(ForkJoinTask.java:373) ~[?:?] {}
	at java.util.concurrent.ForkJoinPool$WorkQueue.topLevelExec(ForkJoinPool.java:1182) ~[?:?] {}
	at java.util.concurrent.ForkJoinPool.scan(ForkJoinPool.java:1655) ~[?:?] {}
	at java.util.concurrent.ForkJoinPool.runWorker(ForkJoinPool.java:1622) ~[?:?] {}
	at java.util.concurrent.ForkJoinWorkerThread.run(ForkJoinWorkerThread.java:165) ~[?:?] {}
[23:58:10] [Worker-Main-16/ERROR] [ne.mi.co.ForgeHooks/]: Couldn't parse element loot_tables:thirst:chests/shipwreck_supply_fr
com.google.gson.JsonSyntaxException: Expected name to be an item, was unknown string 'farmersrespite:black_tea'
	at net.minecraft.util.GsonHelper.lambda$convertToItem$0(GsonHelper.java:145) ~[forge-1.20.1-47.4.20_mapped_official_1.20.1.jar%23191!/:?] {re:classloading}
	at java.util.Optional.orElseThrow(Optional.java:403) ~[?:?] {}
	at net.minecraft.util.GsonHelper.convertToItem(GsonHelper.java:145) ~[forge-1.20.1-47.4.20_mapped_official_1.20.1.jar%23191!/:?] {re:classloading}
	at net.minecraft.util.GsonHelper.getAsItem(GsonHelper.java:153) ~[forge-1.20.1-47.4.20_mapped_official_1.20.1.jar%23191!/:?] {re:classloading}
	at net.minecraft.world.level.storage.loot.entries.LootItem$Serializer.deserialize(LootItem.java:55) ~[forge-1.20.1-47.4.20_mapped_official_1.20.1.jar%23191!/:?] {re:classloading}
	at net.minecraft.world.level.storage.loot.entries.LootItem$Serializer.deserialize(LootItem.java:40) ~[forge-1.20.1-47.4.20_mapped_official_1.20.1.jar%23191!/:?] {re:classloading}
	at net.minecraft.world.level.storage.loot.entries.LootPoolSingletonContainer$Serializer.deserializeCustom(LootPoolSingletonContainer.java:151) ~[forge-1.20.1-47.4.20_mapped_official_1.20.1.jar%23191!/:?] {re:classloading}
	at net.minecraft.world.level.storage.loot.entries.LootPoolSingletonContainer$Serializer.deserializeCustom(LootPoolSingletonContainer.java:129) ~[forge-1.20.1-47.4.20_mapped_official_1.20.1.jar%23191!/:?] {re:classloading}
	at net.minecraft.world.level.storage.loot.entries.LootPoolEntryContainer$Serializer.deserialize(LootPoolEntryContainer.java:86) ~[forge-1.20.1-47.4.20_mapped_official_1.20.1.jar%23191!/:?] {re:classloading}
	at net.minecraft.world.level.storage.loot.entries.LootPoolEntryContainer$Serializer.deserialize(LootPoolEntryContainer.java:74) ~[forge-1.20.1-47.4.20_mapped_official_1.20.1.jar%23191!/:?] {re:classloading}
	at net.minecraft.world.level.storage.loot.GsonAdapterFactory$JsonAdapter.deserialize(GsonAdapterFactory.java:102) ~[forge-1.20.1-47.4.20_mapped_official_1.20.1.jar%23191!/:?] {re:classloading}
	at com.google.gson.internal.bind.TreeTypeAdapter.read(TreeTypeAdapter.java:76) ~[gson-2.10.jar%23130!/:?] {}
	at com.google.gson.internal.bind.TypeAdapterRuntimeTypeWrapper.read(TypeAdapterRuntimeTypeWrapper.java:40) ~[gson-2.10.jar%23130!/:?] {}
	at com.google.gson.internal.bind.ArrayTypeAdapter.read(ArrayTypeAdapter.java:72) ~[gson-2.10.jar%23130!/:?] {}
	at com.google.gson.Gson.fromJson(Gson.java:1214) ~[gson-2.10.jar%23130!/:?] {}
	at com.google.gson.Gson.fromJson(Gson.java:1319) ~[gson-2.10.jar%23130!/:?] {}
	at com.google.gson.Gson.fromJson(Gson.java:1290) ~[gson-2.10.jar%23130!/:?] {}
	at com.google.gson.internal.bind.TreeTypeAdapter$GsonContextImpl.deserialize(TreeTypeAdapter.java:179) ~[gson-2.10.jar%23130!/:?] {}
	at net.minecraft.util.GsonHelper.convertToObject(GsonHelper.java:463) ~[forge-1.20.1-47.4.20_mapped_official_1.20.1.jar%23191!/:?] {re:classloading}
	at net.minecraft.util.GsonHelper.getAsObject(GsonHelper.java:471) ~[forge-1.20.1-47.4.20_mapped_official_1.20.1.jar%23191!/:?] {re:classloading}
	at net.minecraft.world.level.storage.loot.LootPool$Serializer.deserialize(LootPool.java:192) ~[forge-1.20.1-47.4.20_mapped_official_1.20.1.jar%23191!/:?] {re:classloading}
	at net.minecraft.world.level.storage.loot.LootPool$Serializer.deserialize(LootPool.java:189) ~[forge-1.20.1-47.4.20_mapped_official_1.20.1.jar%23191!/:?] {re:classloading}
	at com.google.gson.internal.bind.TreeTypeAdapter.read(TreeTypeAdapter.java:76) ~[gson-2.10.jar%23130!/:?] {}
	at com.google.gson.internal.bind.TypeAdapterRuntimeTypeWrapper.read(TypeAdapterRuntimeTypeWrapper.java:40) ~[gson-2.10.jar%23130!/:?] {}
	at com.google.gson.internal.bind.ArrayTypeAdapter.read(ArrayTypeAdapter.java:72) ~[gson-2.10.jar%23130!/:?] {}
	at com.google.gson.Gson.fromJson(Gson.java:1214) ~[gson-2.10.jar%23130!/:?] {}
	at com.google.gson.Gson.fromJson(Gson.java:1319) ~[gson-2.10.jar%23130!/:?] {}
	at com.google.gson.Gson.fromJson(Gson.java:1290) ~[gson-2.10.jar%23130!/:?] {}
	at com.google.gson.internal.bind.TreeTypeAdapter$GsonContextImpl.deserialize(TreeTypeAdapter.java:179) ~[gson-2.10.jar%23130!/:?] {}
	at net.minecraft.util.GsonHelper.convertToObject(GsonHelper.java:463) ~[forge-1.20.1-47.4.20_mapped_official_1.20.1.jar%23191!/:?] {re:classloading}
	at net.minecraft.util.GsonHelper.getAsObject(GsonHelper.java:481) ~[forge-1.20.1-47.4.20_mapped_official_1.20.1.jar%23191!/:?] {re:classloading}
	at net.minecraft.world.level.storage.loot.LootTable$Serializer.deserialize(LootTable.java:294) ~[forge-1.20.1-47.4.20_mapped_official_1.20.1.jar%23191!/:?] {re:classloading}
	at net.minecraft.world.level.storage.loot.LootTable$Serializer.deserialize(LootTable.java:291) ~[forge-1.20.1-47.4.20_mapped_official_1.20.1.jar%23191!/:?] {re:classloading}
	at com.google.gson.internal.bind.TreeTypeAdapter.read(TreeTypeAdapter.java:76) ~[gson-2.10.jar%23130!/:?] {}
	at com.google.gson.Gson.fromJson(Gson.java:1214) ~[gson-2.10.jar%23130!/:?] {}
	at com.google.gson.Gson.fromJson(Gson.java:1319) ~[gson-2.10.jar%23130!/:?] {}
	at com.google.gson.Gson.fromJson(Gson.java:1261) ~[gson-2.10.jar%23130!/:?] {}
	at net.minecraftforge.common.ForgeHooks.loadLootTable(ForgeHooks.java:872) ~[forge-1.20.1-47.4.20_mapped_official_1.20.1.jar%23190%23197!/:?] {re:classloading}
	at net.minecraftforge.common.ForgeHooks.lambda$getLootTableDeserializer$3(ForgeHooks.java:849) ~[forge-1.20.1-47.4.20_mapped_official_1.20.1.jar%23190%23197!/:?] {re:classloading}
	at net.minecraft.world.level.storage.loot.LootDataType.deserialize(LootDataType.java:45) ~[forge-1.20.1-47.4.20_mapped_official_1.20.1.jar%23191!/:?] {re:classloading}
	at net.minecraft.world.level.storage.loot.LootDataManager.lambda$scheduleElementParse$4(LootDataManager.java:56) ~[forge-1.20.1-47.4.20_mapped_official_1.20.1.jar%23191!/:?] {re:classloading}
	at java.util.HashMap.forEach(HashMap.java:1421) ~[?:?] {}
	at net.minecraft.world.level.storage.loot.LootDataManager.lambda$scheduleElementParse$5(LootDataManager.java:55) ~[forge-1.20.1-47.4.20_mapped_official_1.20.1.jar%23191!/:?] {re:classloading}
	at java.util.concurrent.CompletableFuture$AsyncRun.run(CompletableFuture.java:1804) ~[?:?] {}
	at java.util.concurrent.CompletableFuture$AsyncRun.exec(CompletableFuture.java:1796) ~[?:?] {}
	at java.util.concurrent.ForkJoinTask.doExec(ForkJoinTask.java:373) ~[?:?] {}
	at java.util.concurrent.ForkJoinPool$WorkQueue.topLevelExec(ForkJoinPool.java:1182) ~[?:?] {}
	at java.util.concurrent.ForkJoinPool.scan(ForkJoinPool.java:1655) ~[?:?] {}
	at java.util.concurrent.ForkJoinPool.runWorker(ForkJoinPool.java:1622) ~[?:?] {}
	at java.util.concurrent.ForkJoinWorkerThread.run(ForkJoinWorkerThread.java:165) ~[?:?] {}
[23:58:10] [Worker-Main-16/ERROR] [ne.mi.co.ForgeHooks/]: Couldn't parse element loot_tables:thirst:chests/abandoned_mineshaft_fr
com.google.gson.JsonSyntaxException: Expected name to be an item, was unknown string 'farmersdelight:apple_cider'
	at net.minecraft.util.GsonHelper.lambda$convertToItem$0(GsonHelper.java:145) ~[forge-1.20.1-47.4.20_mapped_official_1.20.1.jar%23191!/:?] {re:classloading}
	at java.util.Optional.orElseThrow(Optional.java:403) ~[?:?] {}
	at net.minecraft.util.GsonHelper.convertToItem(GsonHelper.java:145) ~[forge-1.20.1-47.4.20_mapped_official_1.20.1.jar%23191!/:?] {re:classloading}
	at net.minecraft.util.GsonHelper.getAsItem(GsonHelper.java:153) ~[forge-1.20.1-47.4.20_mapped_official_1.20.1.jar%23191!/:?] {re:classloading}
	at net.minecraft.world.level.storage.loot.entries.LootItem$Serializer.deserialize(LootItem.java:55) ~[forge-1.20.1-47.4.20_mapped_official_1.20.1.jar%23191!/:?] {re:classloading}
	at net.minecraft.world.level.storage.loot.entries.LootItem$Serializer.deserialize(LootItem.java:40) ~[forge-1.20.1-47.4.20_mapped_official_1.20.1.jar%23191!/:?] {re:classloading}
	at net.minecraft.world.level.storage.loot.entries.LootPoolSingletonContainer$Serializer.deserializeCustom(LootPoolSingletonContainer.java:151) ~[forge-1.20.1-47.4.20_mapped_official_1.20.1.jar%23191!/:?] {re:classloading}
	at net.minecraft.world.level.storage.loot.entries.LootPoolSingletonContainer$Serializer.deserializeCustom(LootPoolSingletonContainer.java:129) ~[forge-1.20.1-47.4.20_mapped_official_1.20.1.jar%23191!/:?] {re:classloading}
	at net.minecraft.world.level.storage.loot.entries.LootPoolEntryContainer$Serializer.deserialize(LootPoolEntryContainer.java:86) ~[forge-1.20.1-47.4.20_mapped_official_1.20.1.jar%23191!/:?] {re:classloading}
	at net.minecraft.world.level.storage.loot.entries.LootPoolEntryContainer$Serializer.deserialize(LootPoolEntryContainer.java:74) ~[forge-1.20.1-47.4.20_mapped_official_1.20.1.jar%23191!/:?] {re:classloading}
	at net.minecraft.world.level.storage.loot.GsonAdapterFactory$JsonAdapter.deserialize(GsonAdapterFactory.java:102) ~[forge-1.20.1-47.4.20_mapped_official_1.20.1.jar%23191!/:?] {re:classloading}
	at com.google.gson.internal.bind.TreeTypeAdapter.read(TreeTypeAdapter.java:76) ~[gson-2.10.jar%23130!/:?] {}
	at com.google.gson.internal.bind.TypeAdapterRuntimeTypeWrapper.read(TypeAdapterRuntimeTypeWrapper.java:40) ~[gson-2.10.jar%23130!/:?] {}
	at com.google.gson.internal.bind.ArrayTypeAdapter.read(ArrayTypeAdapter.java:72) ~[gson-2.10.jar%23130!/:?] {}
	at com.google.gson.Gson.fromJson(Gson.java:1214) ~[gson-2.10.jar%23130!/:?] {}
	at com.google.gson.Gson.fromJson(Gson.java:1319) ~[gson-2.10.jar%23130!/:?] {}
	at com.google.gson.Gson.fromJson(Gson.java:1290) ~[gson-2.10.jar%23130!/:?] {}
	at com.google.gson.internal.bind.TreeTypeAdapter$GsonContextImpl.deserialize(TreeTypeAdapter.java:179) ~[gson-2.10.jar%23130!/:?] {}
	at net.minecraft.util.GsonHelper.convertToObject(GsonHelper.java:463) ~[forge-1.20.1-47.4.20_mapped_official_1.20.1.jar%23191!/:?] {re:classloading}
	at net.minecraft.util.GsonHelper.getAsObject(GsonHelper.java:471) ~[forge-1.20.1-47.4.20_mapped_official_1.20.1.jar%23191!/:?] {re:classloading}
	at net.minecraft.world.level.storage.loot.LootPool$Serializer.deserialize(LootPool.java:192) ~[forge-1.20.1-47.4.20_mapped_official_1.20.1.jar%23191!/:?] {re:classloading}
	at net.minecraft.world.level.storage.loot.LootPool$Serializer.deserialize(LootPool.java:189) ~[forge-1.20.1-47.4.20_mapped_official_1.20.1.jar%23191!/:?] {re:classloading}
	at com.google.gson.internal.bind.TreeTypeAdapter.read(TreeTypeAdapter.java:76) ~[gson-2.10.jar%23130!/:?] {}
	at com.google.gson.internal.bind.TypeAdapterRuntimeTypeWrapper.read(TypeAdapterRuntimeTypeWrapper.java:40) ~[gson-2.10.jar%23130!/:?] {}
	at com.google.gson.internal.bind.ArrayTypeAdapter.read(ArrayTypeAdapter.java:72) ~[gson-2.10.jar%23130!/:?] {}
	at com.google.gson.Gson.fromJson(Gson.java:1214) ~[gson-2.10.jar%23130!/:?] {}
	at com.google.gson.Gson.fromJson(Gson.java:1319) ~[gson-2.10.jar%23130!/:?] {}
	at com.google.gson.Gson.fromJson(Gson.java:1290) ~[gson-2.10.jar%23130!/:?] {}
	at com.google.gson.internal.bind.TreeTypeAdapter$GsonContextImpl.deserialize(TreeTypeAdapter.java:179) ~[gson-2.10.jar%23130!/:?] {}
	at net.minecraft.util.GsonHelper.convertToObject(GsonHelper.java:463) ~[forge-1.20.1-47.4.20_mapped_official_1.20.1.jar%23191!/:?] {re:classloading}
	at net.minecraft.util.GsonHelper.getAsObject(GsonHelper.java:481) ~[forge-1.20.1-47.4.20_mapped_official_1.20.1.jar%23191!/:?] {re:classloading}
	at net.minecraft.world.level.storage.loot.LootTable$Serializer.deserialize(LootTable.java:294) ~[forge-1.20.1-47.4.20_mapped_official_1.20.1.jar%23191!/:?] {re:classloading}
	at net.minecraft.world.level.storage.loot.LootTable$Serializer.deserialize(LootTable.java:291) ~[forge-1.20.1-47.4.20_mapped_official_1.20.1.jar%23191!/:?] {re:classloading}
	at com.google.gson.internal.bind.TreeTypeAdapter.read(TreeTypeAdapter.java:76) ~[gson-2.10.jar%23130!/:?] {}
	at com.google.gson.Gson.fromJson(Gson.java:1214) ~[gson-2.10.jar%23130!/:?] {}
	at com.google.gson.Gson.fromJson(Gson.java:1319) ~[gson-2.10.jar%23130!/:?] {}
	at com.google.gson.Gson.fromJson(Gson.java:1261) ~[gson-2.10.jar%23130!/:?] {}
	at net.minecraftforge.common.ForgeHooks.loadLootTable(ForgeHooks.java:872) ~[forge-1.20.1-47.4.20_mapped_official_1.20.1.jar%23190%23197!/:?] {re:classloading}
	at net.minecraftforge.common.ForgeHooks.lambda$getLootTableDeserializer$3(ForgeHooks.java:849) ~[forge-1.20.1-47.4.20_mapped_official_1.20.1.jar%23190%23197!/:?] {re:classloading}
	at net.minecraft.world.level.storage.loot.LootDataType.deserialize(LootDataType.java:45) ~[forge-1.20.1-47.4.20_mapped_official_1.20.1.jar%23191!/:?] {re:classloading}
	at net.minecraft.world.level.storage.loot.LootDataManager.lambda$scheduleElementParse$4(LootDataManager.java:56) ~[forge-1.20.1-47.4.20_mapped_official_1.20.1.jar%23191!/:?] {re:classloading}
	at java.util.HashMap.forEach(HashMap.java:1421) ~[?:?] {}
	at net.minecraft.world.level.storage.loot.LootDataManager.lambda$scheduleElementParse$5(LootDataManager.java:55) ~[forge-1.20.1-47.4.20_mapped_official_1.20.1.jar%23191!/:?] {re:classloading}
	at java.util.concurrent.CompletableFuture$AsyncRun.run(CompletableFuture.java:1804) ~[?:?] {}
	at java.util.concurrent.CompletableFuture$AsyncRun.exec(CompletableFuture.java:1796) ~[?:?] {}
	at java.util.concurrent.ForkJoinTask.doExec(ForkJoinTask.java:373) ~[?:?] {}
	at java.util.concurrent.ForkJoinPool$WorkQueue.topLevelExec(ForkJoinPool.java:1182) ~[?:?] {}
	at java.util.concurrent.ForkJoinPool.scan(ForkJoinPool.java:1655) ~[?:?] {}
	at java.util.concurrent.ForkJoinPool.runWorker(ForkJoinPool.java:1622) ~[?:?] {}
	at java.util.concurrent.ForkJoinWorkerThread.run(ForkJoinWorkerThread.java:165) ~[?:?] {}
[23:58:10] [Worker-Main-16/ERROR] [ne.mi.co.ForgeHooks/]: Couldn't parse element loot_tables:thirst:chests/abandoned_mineshaft_bc
com.google.gson.JsonSyntaxException: Expected name to be an item, was unknown string 'brewinandchewin:beer'
	at net.minecraft.util.GsonHelper.lambda$convertToItem$0(GsonHelper.java:145) ~[forge-1.20.1-47.4.20_mapped_official_1.20.1.jar%23191!/:?] {re:classloading}
	at java.util.Optional.orElseThrow(Optional.java:403) ~[?:?] {}
	at net.minecraft.util.GsonHelper.convertToItem(GsonHelper.java:145) ~[forge-1.20.1-47.4.20_mapped_official_1.20.1.jar%23191!/:?] {re:classloading}
	at net.minecraft.util.GsonHelper.getAsItem(GsonHelper.java:153) ~[forge-1.20.1-47.4.20_mapped_official_1.20.1.jar%23191!/:?] {re:classloading}
	at net.minecraft.world.level.storage.loot.entries.LootItem$Serializer.deserialize(LootItem.java:55) ~[forge-1.20.1-47.4.20_mapped_official_1.20.1.jar%23191!/:?] {re:classloading}
	at net.minecraft.world.level.storage.loot.entries.LootItem$Serializer.deserialize(LootItem.java:40) ~[forge-1.20.1-47.4.20_mapped_official_1.20.1.jar%23191!/:?] {re:classloading}
	at net.minecraft.world.level.storage.loot.entries.LootPoolSingletonContainer$Serializer.deserializeCustom(LootPoolSingletonContainer.java:151) ~[forge-1.20.1-47.4.20_mapped_official_1.20.1.jar%23191!/:?] {re:classloading}
	at net.minecraft.world.level.storage.loot.entries.LootPoolSingletonContainer$Serializer.deserializeCustom(LootPoolSingletonContainer.java:129) ~[forge-1.20.1-47.4.20_mapped_official_1.20.1.jar%23191!/:?] {re:classloading}
	at net.minecraft.world.level.storage.loot.entries.LootPoolEntryContainer$Serializer.deserialize(LootPoolEntryContainer.java:86) ~[forge-1.20.1-47.4.20_mapped_official_1.20.1.jar%23191!/:?] {re:classloading}
	at net.minecraft.world.level.storage.loot.entries.LootPoolEntryContainer$Serializer.deserialize(LootPoolEntryContainer.java:74) ~[forge-1.20.1-47.4.20_mapped_official_1.20.1.jar%23191!/:?] {re:classloading}
	at net.minecraft.world.level.storage.loot.GsonAdapterFactory$JsonAdapter.deserialize(GsonAdapterFactory.java:102) ~[forge-1.20.1-47.4.20_mapped_official_1.20.1.jar%23191!/:?] {re:classloading}
	at com.google.gson.internal.bind.TreeTypeAdapter.read(TreeTypeAdapter.java:76) ~[gson-2.10.jar%23130!/:?] {}
	at com.google.gson.internal.bind.TypeAdapterRuntimeTypeWrapper.read(TypeAdapterRuntimeTypeWrapper.java:40) ~[gson-2.10.jar%23130!/:?] {}
	at com.google.gson.internal.bind.ArrayTypeAdapter.read(ArrayTypeAdapter.java:72) ~[gson-2.10.jar%23130!/:?] {}
	at com.google.gson.Gson.fromJson(Gson.java:1214) ~[gson-2.10.jar%23130!/:?] {}
	at com.google.gson.Gson.fromJson(Gson.java:1319) ~[gson-2.10.jar%23130!/:?] {}
	at com.google.gson.Gson.fromJson(Gson.java:1290) ~[gson-2.10.jar%23130!/:?] {}
	at com.google.gson.internal.bind.TreeTypeAdapter$GsonContextImpl.deserialize(TreeTypeAdapter.java:179) ~[gson-2.10.jar%23130!/:?] {}
	at net.minecraft.util.GsonHelper.convertToObject(GsonHelper.java:463) ~[forge-1.20.1-47.4.20_mapped_official_1.20.1.jar%23191!/:?] {re:classloading}
	at net.minecraft.util.GsonHelper.getAsObject(GsonHelper.java:471) ~[forge-1.20.1-47.4.20_mapped_official_1.20.1.jar%23191!/:?] {re:classloading}
	at net.minecraft.world.level.storage.loot.LootPool$Serializer.deserialize(LootPool.java:192) ~[forge-1.20.1-47.4.20_mapped_official_1.20.1.jar%23191!/:?] {re:classloading}
	at net.minecraft.world.level.storage.loot.LootPool$Serializer.deserialize(LootPool.java:189) ~[forge-1.20.1-47.4.20_mapped_official_1.20.1.jar%23191!/:?] {re:classloading}
	at com.google.gson.internal.bind.TreeTypeAdapter.read(TreeTypeAdapter.java:76) ~[gson-2.10.jar%23130!/:?] {}
	at com.google.gson.internal.bind.TypeAdapterRuntimeTypeWrapper.read(TypeAdapterRuntimeTypeWrapper.java:40) ~[gson-2.10.jar%23130!/:?] {}
	at com.google.gson.internal.bind.ArrayTypeAdapter.read(ArrayTypeAdapter.java:72) ~[gson-2.10.jar%23130!/:?] {}
	at com.google.gson.Gson.fromJson(Gson.java:1214) ~[gson-2.10.jar%23130!/:?] {}
	at com.google.gson.Gson.fromJson(Gson.java:1319) ~[gson-2.10.jar%23130!/:?] {}
	at com.google.gson.Gson.fromJson(Gson.java:1290) ~[gson-2.10.jar%23130!/:?] {}
	at com.google.gson.internal.bind.TreeTypeAdapter$GsonContextImpl.deserialize(TreeTypeAdapter.java:179) ~[gson-2.10.jar%23130!/:?] {}
	at net.minecraft.util.GsonHelper.convertToObject(GsonHelper.java:463) ~[forge-1.20.1-47.4.20_mapped_official_1.20.1.jar%23191!/:?] {re:classloading}
	at net.minecraft.util.GsonHelper.getAsObject(GsonHelper.java:481) ~[forge-1.20.1-47.4.20_mapped_official_1.20.1.jar%23191!/:?] {re:classloading}
	at net.minecraft.world.level.storage.loot.LootTable$Serializer.deserialize(LootTable.java:294) ~[forge-1.20.1-47.4.20_mapped_official_1.20.1.jar%23191!/:?] {re:classloading}
	at net.minecraft.world.level.storage.loot.LootTable$Serializer.deserialize(LootTable.java:291) ~[forge-1.20.1-47.4.20_mapped_official_1.20.1.jar%23191!/:?] {re:classloading}
	at com.google.gson.internal.bind.TreeTypeAdapter.read(TreeTypeAdapter.java:76) ~[gson-2.10.jar%23130!/:?] {}
	at com.google.gson.Gson.fromJson(Gson.java:1214) ~[gson-2.10.jar%23130!/:?] {}
	at com.google.gson.Gson.fromJson(Gson.java:1319) ~[gson-2.10.jar%23130!/:?] {}
	at com.google.gson.Gson.fromJson(Gson.java:1261) ~[gson-2.10.jar%23130!/:?] {}
	at net.minecraftforge.common.ForgeHooks.loadLootTable(ForgeHooks.java:872) ~[forge-1.20.1-47.4.20_mapped_official_1.20.1.jar%23190%23197!/:?] {re:classloading}
	at net.minecraftforge.common.ForgeHooks.lambda$getLootTableDeserializer$3(ForgeHooks.java:849) ~[forge-1.20.1-47.4.20_mapped_official_1.20.1.jar%23190%23197!/:?] {re:classloading}
	at net.minecraft.world.level.storage.loot.LootDataType.deserialize(LootDataType.java:45) ~[forge-1.20.1-47.4.20_mapped_official_1.20.1.jar%23191!/:?] {re:classloading}
	at net.minecraft.world.level.storage.loot.LootDataManager.lambda$scheduleElementParse$4(LootDataManager.java:56) ~[forge-1.20.1-47.4.20_mapped_official_1.20.1.jar%23191!/:?] {re:classloading}
	at java.util.HashMap.forEach(HashMap.java:1421) ~[?:?] {}
	at net.minecraft.world.level.storage.loot.LootDataManager.lambda$scheduleElementParse$5(LootDataManager.java:55) ~[forge-1.20.1-47.4.20_mapped_official_1.20.1.jar%23191!/:?] {re:classloading}
	at java.util.concurrent.CompletableFuture$AsyncRun.run(CompletableFuture.java:1804) ~[?:?] {}
	at java.util.concurrent.CompletableFuture$AsyncRun.exec(CompletableFuture.java:1796) ~[?:?] {}
	at java.util.concurrent.ForkJoinTask.doExec(ForkJoinTask.java:373) ~[?:?] {}
	at java.util.concurrent.ForkJoinPool$WorkQueue.topLevelExec(ForkJoinPool.java:1182) ~[?:?] {}
	at java.util.concurrent.ForkJoinPool.scan(ForkJoinPool.java:1655) ~[?:?] {}
	at java.util.concurrent.ForkJoinPool.runWorker(ForkJoinPool.java:1622) ~[?:?] {}
	at java.util.concurrent.ForkJoinWorkerThread.run(ForkJoinWorkerThread.java:165) ~[?:?] {}
[23:58:10] [Render thread/ERROR] [minecraft/RecipeManager]: Parsing error loading recipe thirst:sand_filter
com.google.gson.JsonSyntaxException: Unknown item 'create:nozzle'
	at net.minecraft.world.item.crafting.ShapedRecipe.lambda$itemFromJson$2(ShapedRecipe.java:292) ~[forge-1.20.1-47.4.20_mapped_official_1.20.1.jar:?] {re:classloading}
	at java.util.Optional.orElseThrow(Optional.java:403) ~[?:?] {}
	at net.minecraft.world.item.crafting.ShapedRecipe.itemFromJson(ShapedRecipe.java:291) ~[forge-1.20.1-47.4.20_mapped_official_1.20.1.jar:?] {re:classloading}
	at net.minecraft.world.item.crafting.Ingredient.valueFromJson(Ingredient.java:219) ~[forge-1.20.1-47.4.20_mapped_official_1.20.1.jar:?] {re:classloading,pl:accesstransformer:B}
	at net.minecraftforge.common.crafting.VanillaIngredientSerializer.parse(VanillaIngredientSerializer.java:27) ~[forge-1.20.1-47.4.20_mapped_official_1.20.1.jar:?] {re:classloading}
	at net.minecraftforge.common.crafting.CraftingHelper.getIngredient(CraftingHelper.java:148) ~[forge-1.20.1-47.4.20_mapped_official_1.20.1.jar:?] {re:classloading}
	at net.minecraft.world.item.crafting.Ingredient.fromJson(Ingredient.java:194) ~[forge-1.20.1-47.4.20_mapped_official_1.20.1.jar:?] {re:classloading,pl:accesstransformer:B}
	at net.minecraft.world.item.crafting.ShapedRecipe.keyFromJson(ShapedRecipe.java:278) ~[forge-1.20.1-47.4.20_mapped_official_1.20.1.jar:?] {re:classloading}
	at net.minecraft.world.item.crafting.ShapedRecipe$Serializer.fromJson(ShapedRecipe.java:306) ~[forge-1.20.1-47.4.20_mapped_official_1.20.1.jar:?] {re:classloading}
	at net.minecraft.world.item.crafting.ShapedRecipe$Serializer.fromJson(ShapedRecipe.java:301) ~[forge-1.20.1-47.4.20_mapped_official_1.20.1.jar:?] {re:classloading}
	at net.minecraftforge.common.extensions.IForgeRecipeSerializer.fromJson(IForgeRecipeSerializer.java:23) ~[forge-1.20.1-47.4.20_mapped_official_1.20.1.jar:?] {re:classloading}
	at net.minecraft.world.item.crafting.RecipeManager.fromJson(RecipeManager.java:171) ~[forge-1.20.1-47.4.20_mapped_official_1.20.1.jar:?] {re:classloading}
	at net.minecraft.world.item.crafting.RecipeManager.apply(RecipeManager.java:67) ~[forge-1.20.1-47.4.20_mapped_official_1.20.1.jar:?] {re:classloading}
	at net.minecraft.world.item.crafting.RecipeManager.apply(RecipeManager.java:34) ~[forge-1.20.1-47.4.20_mapped_official_1.20.1.jar:?] {re:classloading}
	at net.minecraft.server.packs.resources.SimplePreparableReloadListener.lambda$reload$1(SimplePreparableReloadListener.java:13) ~[forge-1.20.1-47.4.20_mapped_official_1.20.1.jar:?] {re:classloading}
	at java.util.concurrent.CompletableFuture$UniAccept.tryFire(CompletableFuture.java:718) ~[?:?] {}
	at java.util.concurrent.CompletableFuture$Completion.run(CompletableFuture.java:482) ~[?:?] {}
	at net.minecraft.server.packs.resources.SimpleReloadInstance.lambda$new$3(SimpleReloadInstance.java:69) ~[forge-1.20.1-47.4.20_mapped_official_1.20.1.jar:?] {re:classloading}
	at net.minecraft.util.thread.BlockableEventLoop.doRunTask(BlockableEventLoop.java:156) ~[forge-1.20.1-47.4.20_mapped_official_1.20.1.jar:?] {re:classloading,pl:accesstransformer:B}
	at net.minecraft.util.thread.ReentrantBlockableEventLoop.doRunTask(ReentrantBlockableEventLoop.java:23) ~[forge-1.20.1-47.4.20_mapped_official_1.20.1.jar:?] {re:classloading}
	at net.minecraft.util.thread.BlockableEventLoop.pollTask(BlockableEventLoop.java:130) ~[forge-1.20.1-47.4.20_mapped_official_1.20.1.jar:?] {re:classloading,pl:accesstransformer:B}
	at net.minecraft.util.thread.BlockableEventLoop.managedBlock(BlockableEventLoop.java:139) ~[forge-1.20.1-47.4.20_mapped_official_1.20.1.jar:?] {re:classloading,pl:accesstransformer:B}
	at net.minecraft.client.gui.screens.worldselection.WorldOpenFlows.loadWorldDataBlocking(WorldOpenFlows.java:163) ~[forge-1.20.1-47.4.20_mapped_official_1.20.1.jar:?] {re:classloading}
	at net.minecraft.client.gui.screens.worldselection.WorldOpenFlows.loadWorldStem(WorldOpenFlows.java:113) ~[forge-1.20.1-47.4.20_mapped_official_1.20.1.jar:?] {re:classloading}
	at net.minecraft.client.gui.screens.worldselection.WorldOpenFlows.doLoadLevel(WorldOpenFlows.java:181) ~[forge-1.20.1-47.4.20_mapped_official_1.20.1.jar:?] {re:classloading}
	at net.minecraft.client.gui.screens.worldselection.WorldOpenFlows.doLoadLevel(WorldOpenFlows.java:169) ~[forge-1.20.1-47.4.20_mapped_official_1.20.1.jar:?] {re:classloading}
	at net.minecraft.client.gui.screens.worldselection.WorldOpenFlows.loadLevel(WorldOpenFlows.java:65) ~[forge-1.20.1-47.4.20_mapped_official_1.20.1.jar:?] {re:classloading}
	at net.minecraft.client.gui.screens.worldselection.WorldSelectionList$WorldListEntry.loadWorld(WorldSelectionList.java:575) ~[forge-1.20.1-47.4.20_mapped_official_1.20.1.jar:?] {re:classloading}
	at net.minecraft.client.gui.screens.worldselection.WorldSelectionList$WorldListEntry.joinWorld(WorldSelectionList.java:474) ~[forge-1.20.1-47.4.20_mapped_official_1.20.1.jar:?] {re:classloading}
	at java.util.Optional.ifPresent(Optional.java:178) ~[?:?] {}
	at net.minecraft.client.gui.screens.worldselection.SelectWorldScreen.lambda$init$1(SelectWorldScreen.java:59) ~[forge-1.20.1-47.4.20_mapped_official_1.20.1.jar:?] {re:classloading}
	at net.minecraft.client.gui.components.Button.onPress(Button.java:38) ~[forge-1.20.1-47.4.20_mapped_official_1.20.1.jar:?] {re:classloading}
	at net.minecraft.client.gui.components.AbstractButton.onClick(AbstractButton.java:55) ~[forge-1.20.1-47.4.20_mapped_official_1.20.1.jar:?] {re:classloading}
	at net.minecraft.client.gui.components.AbstractWidget.mouseClicked(AbstractWidget.java:175) ~[forge-1.20.1-47.4.20_mapped_official_1.20.1.jar:?] {re:classloading}
	at net.minecraft.client.gui.components.events.ContainerEventHandler.mouseClicked(ContainerEventHandler.java:38) ~[forge-1.20.1-47.4.20_mapped_official_1.20.1.jar:?] {re:classloading}
	at net.minecraft.client.MouseHandler.lambda$onPress$0(MouseHandler.java:92) ~[forge-1.20.1-47.4.20_mapped_official_1.20.1.jar:?] {re:classloading}
	at net.minecraft.client.gui.screens.Screen.wrapScreenError(Screen.java:437) ~[forge-1.20.1-47.4.20_mapped_official_1.20.1.jar:?] {re:classloading,pl:accesstransformer:B}
	at net.minecraft.client.MouseHandler.onPress(MouseHandler.java:89) ~[forge-1.20.1-47.4.20_mapped_official_1.20.1.jar:?] {re:classloading}
	at net.minecraft.client.MouseHandler.lambda$setup$4(MouseHandler.java:189) ~[forge-1.20.1-47.4.20_mapped_official_1.20.1.jar:?] {re:classloading}
	at net.minecraft.util.thread.BlockableEventLoop.execute(BlockableEventLoop.java:102) ~[forge-1.20.1-47.4.20_mapped_official_1.20.1.jar:?] {re:classloading,pl:accesstransformer:B}
	at net.minecraft.client.MouseHandler.lambda$setup$5(MouseHandler.java:188) ~[forge-1.20.1-47.4.20_mapped_official_1.20.1.jar:?] {re:classloading}
	at org.lwjgl.glfw.GLFWMouseButtonCallbackI.callback(GLFWMouseButtonCallbackI.java:43) ~[lwjgl-glfw-3.3.1.jar:build 7] {}
	at org.lwjgl.system.JNI.invokeV(Native Method) ~[lwjgl-3.3.1.jar:build 7] {}
	at org.lwjgl.glfw.GLFW.glfwWaitEventsTimeout(GLFW.java:3474) ~[lwjgl-glfw-3.3.1.jar:build 7] {}
	at com.mojang.blaze3d.systems.RenderSystem.limitDisplayFPS(RenderSystem.java:237) ~[forge-1.20.1-47.4.20_mapped_official_1.20.1.jar:?] {re:classloading}
	at net.minecraft.client.Minecraft.runTick(Minecraft.java:1173) ~[forge-1.20.1-47.4.20_mapped_official_1.20.1.jar:?] {re:classloading,pl:accesstransformer:B}
	at net.minecraft.client.Minecraft.run(Minecraft.java:718) ~[forge-1.20.1-47.4.20_mapped_official_1.20.1.jar:?] {re:classloading,pl:accesstransformer:B}
	at net.minecraft.client.main.Main.main(Main.java:218) ~[forge-1.20.1-47.4.20_mapped_official_1.20.1.jar:?] {re:classloading}
	at jdk.internal.reflect.NativeMethodAccessorImpl.invoke0(Native Method) ~[?:?] {}
	at jdk.internal.reflect.NativeMethodAccessorImpl.invoke(NativeMethodAccessorImpl.java:77) ~[?:?] {}
	at jdk.internal.reflect.DelegatingMethodAccessorImpl.invoke(DelegatingMethodAccessorImpl.java:43) ~[?:?] {}
	at java.lang.reflect.Method.invoke(Method.java:568) ~[?:?] {}
	at net.minecraftforge.fml.loading.targets.CommonLaunchHandler.runTarget(CommonLaunchHandler.java:111) ~[fmlloader-1.20.1-47.4.20.jar:?] {}
	at net.minecraftforge.fml.loading.targets.CommonLaunchHandler.clientService(CommonLaunchHandler.java:99) ~[fmlloader-1.20.1-47.4.20.jar:?] {}
	at net.minecraftforge.fml.loading.targets.ForgeClientUserdevLaunchHandler.devService(ForgeClientUserdevLaunchHandler.java:19) ~[fmlloader-1.20.1-47.4.20.jar:?] {}
	at net.minecraftforge.fml.loading.targets.CommonDevLaunchHandler.lambda$makeService$7(CommonDevLaunchHandler.java:135) ~[fmlloader-1.20.1-47.4.20.jar:?] {}
	at cpw.mods.modlauncher.LaunchServiceHandlerDecorator.launch(LaunchServiceHandlerDecorator.java:30) ~[modlauncher-10.0.9.jar:?] {}
	at cpw.mods.modlauncher.LaunchServiceHandler.launch(LaunchServiceHandler.java:53) ~[modlauncher-10.0.9.jar:?] {}
	at cpw.mods.modlauncher.LaunchServiceHandler.launch(LaunchServiceHandler.java:71) ~[modlauncher-10.0.9.jar:?] {}
	at cpw.mods.modlauncher.Launcher.run(Launcher.java:108) ~[modlauncher-10.0.9.jar:?] {}
	at cpw.mods.modlauncher.Launcher.main(Launcher.java:78) ~[modlauncher-10.0.9.jar:?] {}
	at cpw.mods.modlauncher.BootstrapLaunchConsumer.accept(BootstrapLaunchConsumer.java:26) ~[modlauncher-10.0.9.jar:?] {}
	at cpw.mods.modlauncher.BootstrapLaunchConsumer.accept(BootstrapLaunchConsumer.java:23) ~[modlauncher-10.0.9.jar:?] {}
	at cpw.mods.bootstraplauncher.BootstrapLauncher.main(BootstrapLauncher.java:141) ~[bootstraplauncher-1.1.2.jar:?] {}
[23:58:10] [Render thread/INFO] [minecraft/RecipeManager]: Loaded 7 recipes
[23:58:10] [Render thread/INFO] [minecraft/AdvancementList]: Loaded 1273 advancements
[23:58:10] [Render thread/INFO] [to.th.cu.Curios/]: Loaded 10 curio slots
[23:58:10] [Render thread/INFO] [to.th.cu.Curios/]: Loaded 1 curio entities
[23:58:10] [Render thread/WARN] [ne.mi.co.lo.LootModifierManager/]: Could not decode GlobalLootModifier with json id thirst:add_loot_shipwreck_supply - error: Unknown registry key in ResourceKey[minecraft:root / forge:global_loot_modifier_serializers]: thirst:add_loot_table
[23:58:10] [Render thread/WARN] [ne.mi.co.lo.LootModifierManager/]: Could not decode GlobalLootModifier with json id thirst:add_loot_shipwreck_supply_fr - error: Unknown registry key in ResourceKey[minecraft:root / forge:global_loot_modifier_serializers]: thirst:add_loot_table
[23:58:10] [Render thread/WARN] [ne.mi.co.lo.LootModifierManager/]: Could not decode GlobalLootModifier with json id thirst:add_loot_shipwreck_supply_bc - error: Unknown registry key in ResourceKey[minecraft:root / forge:global_loot_modifier_serializers]: thirst:add_loot_table
[23:58:10] [Render thread/WARN] [ne.mi.co.lo.LootModifierManager/]: Could not decode GlobalLootModifier with json id thirst:add_loot_abandoned_mineshaft - error: Unknown registry key in ResourceKey[minecraft:root / forge:global_loot_modifier_serializers]: thirst:add_loot_table
[23:58:10] [Render thread/WARN] [ne.mi.co.lo.LootModifierManager/]: Could not decode GlobalLootModifier with json id thirst:add_loot_abandoned_mineshaft_fr - error: Unknown registry key in ResourceKey[minecraft:root / forge:global_loot_modifier_serializers]: thirst:add_loot_table
[23:58:10] [Render thread/WARN] [ne.mi.co.lo.LootModifierManager/]: Could not decode GlobalLootModifier with json id thirst:add_loot_abandoned_mineshaft_bc - error: Unknown registry key in ResourceKey[minecraft:root / forge:global_loot_modifier_serializers]: thirst:add_loot_table
[23:58:10] [Render thread/WARN] [ne.mi.co.lo.LootModifierManager/]: Could not decode GlobalLootModifier with json id thirst:add_loot_simple_dungeon - error: Unknown registry key in ResourceKey[minecraft:root / forge:global_loot_modifier_serializers]: thirst:add_loot_table
[23:58:10] [Render thread/WARN] [ne.mi.co.lo.LootModifierManager/]: Could not decode GlobalLootModifier with json id thirst:add_loot_simple_dungeon_fr - error: Unknown registry key in ResourceKey[minecraft:root / forge:global_loot_modifier_serializers]: thirst:add_loot_table
[23:58:10] [Render thread/WARN] [ne.mi.co.lo.LootModifierManager/]: Could not decode GlobalLootModifier with json id thirst:add_loot_simple_dungeon_bc - error: Unknown registry key in ResourceKey[minecraft:root / forge:global_loot_modifier_serializers]: thirst:add_loot_table
[23:58:10] [Render thread/WARN] [ne.mi.co.lo.LootModifierManager/]: Could not decode GlobalLootModifier with json id thirst:add_loot_nether_bridge - error: Unknown registry key in ResourceKey[minecraft:root / forge:global_loot_modifier_serializers]: thirst:add_loot_table
[23:58:10] [Render thread/WARN] [ne.mi.co.lo.LootModifierManager/]: Could not decode GlobalLootModifier with json id thirst:add_loot_nether_bridge_fr - error: Unknown registry key in ResourceKey[minecraft:root / forge:global_loot_modifier_serializers]: thirst:add_loot_table
[23:58:10] [Render thread/WARN] [ne.mi.co.lo.LootModifierManager/]: Could not decode GlobalLootModifier with json id thirst:add_loot_nether_bridge_bc - error: Unknown registry key in ResourceKey[minecraft:root / forge:global_loot_modifier_serializers]: thirst:add_loot_table
[23:58:10] [Render thread/WARN] [ne.mi.co.lo.LootModifierManager/]: Could not decode GlobalLootModifier with json id thirst:add_loot_bastion_other - error: Unknown registry key in ResourceKey[minecraft:root / forge:global_loot_modifier_serializers]: thirst:add_loot_table
[23:58:10] [Render thread/WARN] [ne.mi.co.lo.LootModifierManager/]: Could not decode GlobalLootModifier with json id thirst:add_loot_bastion_other_fr - error: Unknown registry key in ResourceKey[minecraft:root / forge:global_loot_modifier_serializers]: thirst:add_loot_table
[23:58:10] [Render thread/WARN] [ne.mi.co.lo.LootModifierManager/]: Could not decode GlobalLootModifier with json id thirst:add_loot_bastion_other_bc - error: Unknown registry key in ResourceKey[minecraft:root / forge:global_loot_modifier_serializers]: thirst:add_loot_table
[23:58:11] [Render thread/DEBUG] [ne.mi.co.ForgeHooks/WP]: Gathering id map for writing to world save 新的世界
[23:58:11] [Render thread/DEBUG] [ne.mi.co.ForgeHooks/WP]: ID Map collection complete 新的世界
[23:58:11] [Server thread/INFO] [minecraft/IntegratedServer]: Starting integrated minecraft server version 1.20.1
[23:58:11] [Server thread/INFO] [minecraft/MinecraftServer]: Generating keypair
[23:58:11] [Server thread/DEBUG] [ne.mi.fm.co.ConfigTracker/CONFIG]: Loading configs type SERVER
[23:58:11] [Server thread/DEBUG] [ne.mi.fm.co.ConfigFileTypeHandler/CONFIG]: Built TOML config for .\saves\新的世界 (1)\serverconfig\jei-server.toml
[23:58:11] [Server thread/DEBUG] [ne.mi.fm.co.ConfigFileTypeHandler/CONFIG]: Loaded TOML config file .\saves\新的世界 (1)\serverconfig\jei-server.toml
[23:58:11] [Server thread/DEBUG] [ne.mi.fm.co.ConfigFileTypeHandler/CONFIG]: Watching TOML config file .\saves\新的世界 (1)\serverconfig\jei-server.toml for changes
[23:58:11] [Server thread/DEBUG] [ne.mi.fm.co.ConfigFileTypeHandler/CONFIG]: Built TOML config for .\saves\新的世界 (1)\serverconfig\curios-server.toml
[23:58:11] [Server thread/DEBUG] [ne.mi.fm.co.ConfigFileTypeHandler/CONFIG]: Loaded TOML config file .\saves\新的世界 (1)\serverconfig\curios-server.toml
[23:58:11] [Server thread/DEBUG] [ne.mi.fm.co.ConfigFileTypeHandler/CONFIG]: Watching TOML config file .\saves\新的世界 (1)\serverconfig\curios-server.toml for changes
[23:58:11] [Thread-3/DEBUG] [ne.mi.fm.co.ConfigFileTypeHandler/CONFIG]: Config file curios-server.toml changed, sending notifies
[23:58:11] [Server thread/DEBUG] [ne.mi.fm.co.ConfigFileTypeHandler/CONFIG]: Built TOML config for .\saves\新的世界 (1)\serverconfig\forge-server.toml
[23:58:11] [Server thread/DEBUG] [ne.mi.fm.co.ConfigFileTypeHandler/CONFIG]: Loaded TOML config file .\saves\新的世界 (1)\serverconfig\forge-server.toml
[23:58:11] [Thread-3/DEBUG] [ne.mi.fm.co.ConfigFileTypeHandler/CONFIG]: Config file curios-server.toml changed, sending notifies
[23:58:11] [Server thread/DEBUG] [ne.mi.fm.co.ConfigFileTypeHandler/CONFIG]: Watching TOML config file .\saves\新的世界 (1)\serverconfig\forge-server.toml for changes
[23:58:11] [Server thread/DEBUG] [ne.mi.co.ForgeConfig/FORGEMOD]: Loaded forge config file forge-server.toml
[23:58:11] [Server thread/DEBUG] [ne.mi.co.tr.CoreModBaseTransformer/COREMOD]: Transforming net/minecraft/world/level/levelgen/PhantomSpawner
[23:58:11] [Server thread/DEBUG] [ne.mi.co.tr.CoreModBaseTransformer/COREMOD]: Transforming net/minecraft/world/level/levelgen/PatrolSpawner
[23:58:11] [Server thread/DEBUG] [ne.mi.co.tr.CoreModBaseTransformer/COREMOD]: Transforming net/minecraft/world/entity/npc/CatSpawner
[23:58:11] [Server thread/DEBUG] [ne.mi.co.tr.CoreModBaseTransformer/COREMOD]: Transforming net/minecraft/world/entity/ai/village/VillageSiege
[23:58:11] [Server thread/INFO] [minecraft/MinecraftServer]: Preparing start region for dimension minecraft:overworld
[23:58:13] [Render thread/INFO] [minecraft/LoggerChunkProgressListener]: 准备生成区域中：0%
[23:58:13] [Render thread/INFO] [minecraft/LoggerChunkProgressListener]: 准备生成区域中：0%
[23:58:13] [Render thread/INFO] [minecraft/LoggerChunkProgressListener]: 准备生成区域中：0%
[23:58:13] [Render thread/INFO] [minecraft/LoggerChunkProgressListener]: 准备生成区域中：0%
[23:58:13] [Render thread/INFO] [minecraft/LoggerChunkProgressListener]: 准备生成区域中：0%
[23:58:13] [Server thread/DEBUG] [ne.mi.co.tr.CoreModBaseTransformer/COREMOD]: Transforming net/minecraft/world/level/levelgen/structure/templatesystem/StructureTemplate
[23:58:14] [Render thread/INFO] [minecraft/LoggerChunkProgressListener]: 准备生成区域中：0%
[23:58:14] [Render thread/INFO] [minecraft/LoggerChunkProgressListener]: 准备生成区域中：56%
[23:58:15] [Server thread/INFO] [ne.mi.se.pe.PermissionAPI/]: Successfully initialized permission handler forge:default_handler
[23:58:15] [Render thread/INFO] [minecraft/LoggerChunkProgressListener]: Time elapsed: 3204 ms
[23:58:15] [Server thread/DEBUG] [io.ne.bu.AbstractByteBuf/]: -Dio.netty.buffer.checkAccessible: true
[23:58:15] [Server thread/DEBUG] [io.ne.bu.AbstractByteBuf/]: -Dio.netty.buffer.checkBounds: true
[23:58:15] [Server thread/DEBUG] [io.ne.ut.ResourceLeakDetectorFactory/]: Loaded default ResourceLeakDetector: io.netty.util.ResourceLeakDetector@5eb446b7
[23:58:15] [Server thread/DEBUG] [ne.mi.co.tr.CoreModBaseTransformer/COREMOD]: Transforming net/minecraft/world/level/NaturalSpawner
[23:58:15] [Server thread/INFO] [minecraft/IntegratedServer]: Changing view distance to 12, from 10
[23:58:15] [Server thread/INFO] [minecraft/IntegratedServer]: Changing simulation distance to 12, from 0
[23:58:15] [Render thread/DEBUG] [io.ne.ch.MultithreadEventLoopGroup/]: -Dio.netty.eventLoopThreads: 48
[23:58:15] [Render thread/DEBUG] [io.ne.ut.in.InternalThreadLocalMap/]: -Dio.netty.threadLocalMap.stringBuilder.initialSize: 1024
[23:58:15] [Render thread/DEBUG] [io.ne.ut.in.InternalThreadLocalMap/]: -Dio.netty.threadLocalMap.stringBuilder.maxSize: 4096
[23:58:15] [Render thread/DEBUG] [io.ne.ch.ni.NioEventLoop/]: -Dio.netty.noKeySetOptimization: false
[23:58:15] [Render thread/DEBUG] [io.ne.ch.ni.NioEventLoop/]: -Dio.netty.selectorAutoRebuildThreshold: 512
[23:58:15] [Render thread/DEBUG] [io.ne.ut.in.PlatformDependent/]: org.jctools-core.MpscChunkedArrayQueue: available
[23:58:15] [Render thread/DEBUG] [io.ne.ch.DefaultChannelId/]: -Dio.netty.processId: 17992 (auto-detected)
[23:58:15] [Render thread/WARN] [io.ne.ut.in.SystemPropertyUtil/]: Unable to parse the boolean system property 'java.net.preferIPv6Addresses':system - using the default value: false
[23:58:15] [Render thread/DEBUG] [io.ne.ut.NetUtil/]: -Djava.net.preferIPv4Stack: false
[23:58:15] [Render thread/DEBUG] [io.ne.ut.NetUtil/]: -Djava.net.preferIPv6Addresses: false
[23:58:15] [Render thread/DEBUG] [io.ne.ut.NetUtilInitializations/]: Loopback interface: lo (Software Loopback Interface 1, 127.0.0.1)
[23:58:15] [Render thread/DEBUG] [io.ne.ut.NetUtil/]: Failed to get SOMAXCONN from sysctl and file \proc\sys\net\core\somaxconn. Default: 200
[23:58:15] [Render thread/DEBUG] [io.ne.ch.DefaultChannelId/]: -Dio.netty.machineId: 00:00:00:00:00:00:00:e0 (auto-detected)
[23:58:15] [Render thread/DEBUG] [io.ne.bu.PooledByteBufAllocator/]: -Dio.netty.allocator.numHeapArenas: 48
[23:58:15] [Render thread/DEBUG] [io.ne.bu.PooledByteBufAllocator/]: -Dio.netty.allocator.numDirectArenas: 48
[23:58:15] [Render thread/DEBUG] [io.ne.bu.PooledByteBufAllocator/]: -Dio.netty.allocator.pageSize: 8192
[23:58:15] [Render thread/DEBUG] [io.ne.bu.PooledByteBufAllocator/]: -Dio.netty.allocator.maxOrder: 9
[23:58:15] [Render thread/DEBUG] [io.ne.bu.PooledByteBufAllocator/]: -Dio.netty.allocator.chunkSize: 4194304
[23:58:15] [Render thread/DEBUG] [io.ne.bu.PooledByteBufAllocator/]: -Dio.netty.allocator.smallCacheSize: 256
[23:58:15] [Render thread/DEBUG] [io.ne.bu.PooledByteBufAllocator/]: -Dio.netty.allocator.normalCacheSize: 64
[23:58:15] [Render thread/DEBUG] [io.ne.bu.PooledByteBufAllocator/]: -Dio.netty.allocator.maxCachedBufferCapacity: 32768
[23:58:15] [Render thread/DEBUG] [io.ne.bu.PooledByteBufAllocator/]: -Dio.netty.allocator.cacheTrimInterval: 8192
[23:58:15] [Render thread/DEBUG] [io.ne.bu.PooledByteBufAllocator/]: -Dio.netty.allocator.cacheTrimIntervalMillis: 0
[23:58:15] [Render thread/DEBUG] [io.ne.bu.PooledByteBufAllocator/]: -Dio.netty.allocator.useCacheForAllThreads: false
[23:58:15] [Render thread/DEBUG] [io.ne.bu.PooledByteBufAllocator/]: -Dio.netty.allocator.maxCachedByteBuffersPerChunk: 1023
[23:58:15] [Render thread/DEBUG] [io.ne.bu.ByteBufUtil/]: -Dio.netty.allocator.type: pooled
[23:58:15] [Render thread/DEBUG] [io.ne.bu.ByteBufUtil/]: -Dio.netty.threadLocalDirectBufferSize: 0
[23:58:15] [Render thread/DEBUG] [io.ne.bu.ByteBufUtil/]: -Dio.netty.maxThreadLocalCharBufferSize: 16384
[23:58:15] [Netty Local Client IO #0/DEBUG] [ne.mi.ne.HandshakeHandler/FMLHANDSHAKE]: Starting local connection.
[23:58:15] [Netty Local Client IO #0/DEBUG] [io.ne.ut.Recycler/]: -Dio.netty.recycler.maxCapacityPerThread: 4096
[23:58:15] [Netty Local Client IO #0/DEBUG] [io.ne.ut.Recycler/]: -Dio.netty.recycler.ratio: 8
[23:58:15] [Netty Local Client IO #0/DEBUG] [io.ne.ut.Recycler/]: -Dio.netty.recycler.chunkSize: 32
[23:58:15] [Netty Local Client IO #0/DEBUG] [io.ne.ut.Recycler/]: -Dio.netty.recycler.blocking: false
[23:58:15] [Netty Server IO #1/DEBUG] [ne.mi.ne.HandshakeHandler/FMLHANDSHAKE]: Starting local connection.
[23:58:15] [Server thread/DEBUG] [ne.mi.ne.HandshakeHandler/FMLHANDSHAKE]: Sending ticking packet info 'net.minecraftforge.network.HandshakeMessages$S2CModData' to 'fml:handshake' sequence 0
[23:58:15] [Netty Local Client IO #0/DEBUG] [ne.mi.ne.LoginWrapper/FMLHANDSHAKE]: Recieved login wrapper packet event for channel fml:handshake with index 0
[23:58:15] [Server thread/DEBUG] [ne.mi.ne.HandshakeHandler/FMLHANDSHAKE]: Sending ticking packet info 'net.minecraftforge.network.HandshakeMessages$S2CModList' to 'fml:handshake' sequence 1
[23:58:15] [Netty Local Client IO #0/DEBUG] [ne.mi.ne.LoginWrapper/FMLHANDSHAKE]: Recieved login wrapper packet event for channel fml:handshake with index 1
[23:58:15] [Netty Local Client IO #0/DEBUG] [ne.mi.ne.HandshakeHandler/FMLHANDSHAKE]: Logging into server with mod list [minecraft, thirst, forge, curios, geckolib, jei, eternal_trinkets]
[23:58:15] [Netty Local Client IO #0/DEBUG] [ne.mi.ne.NetworkRegistry/NETREGISTRY]: Channel 'thirst:main' : Version test of '0.1.1' from server : ACCEPTED
[23:58:15] [Netty Local Client IO #0/DEBUG] [ne.mi.ne.NetworkRegistry/NETREGISTRY]: Channel 'fml:loginwrapper' : Version test of 'FML3' from server : ACCEPTED
[23:58:15] [Netty Local Client IO #0/DEBUG] [ne.mi.ne.NetworkRegistry/NETREGISTRY]: Channel 'forge:tier_sorting' : Version test of '1.0' from server : ACCEPTED
[23:58:15] [Netty Local Client IO #0/DEBUG] [ne.mi.ne.NetworkRegistry/NETREGISTRY]: Channel 'fml:handshake' : Version test of 'FML3' from server : ACCEPTED
[23:58:15] [Netty Local Client IO #0/DEBUG] [ne.mi.ne.NetworkRegistry/NETREGISTRY]: Channel 'curios:main' : Version test of '1' from server : ACCEPTED
[23:58:15] [Netty Local Client IO #0/DEBUG] [ne.mi.ne.NetworkRegistry/NETREGISTRY]: Channel 'jei:channel' : Version test of '1.0.0' from server : ACCEPTED
[23:58:15] [Netty Local Client IO #0/DEBUG] [ne.mi.ne.NetworkRegistry/NETREGISTRY]: Channel 'minecraft:unregister' : Version test of 'FML3' from server : ACCEPTED
[23:58:15] [Netty Local Client IO #0/DEBUG] [ne.mi.ne.NetworkRegistry/NETREGISTRY]: Channel 'fml:play' : Version test of 'FML3' from server : ACCEPTED
[23:58:15] [Netty Local Client IO #0/DEBUG] [ne.mi.ne.NetworkRegistry/NETREGISTRY]: Channel 'minecraft:register' : Version test of 'FML3' from server : ACCEPTED
[23:58:15] [Netty Local Client IO #0/DEBUG] [ne.mi.ne.NetworkRegistry/NETREGISTRY]: Channel 'forge:split' : Version test of '1.1' from server : ACCEPTED
[23:58:15] [Netty Local Client IO #0/DEBUG] [ne.mi.ne.NetworkRegistry/NETREGISTRY]: Channel 'geckolib:main' : Version test of '1' from server : ACCEPTED
[23:58:15] [Netty Local Client IO #0/DEBUG] [ne.mi.ne.NetworkRegistry/NETREGISTRY]: Accepting channel list from server
[23:58:15] [Netty Local Client IO #0/DEBUG] [ne.mi.ne.LoginWrapper/FMLHANDSHAKE]: Dispatching wrapped packet reply for channel fml:handshake with index 1
[23:58:15] [Netty Local Client IO #0/DEBUG] [ne.mi.ne.HandshakeHandler/FMLHANDSHAKE]: Accepted server connection
[23:58:15] [Netty Server IO #1/DEBUG] [ne.mi.ne.LoginWrapper/FMLHANDSHAKE]: Recieved login wrapper packet event for channel fml:handshake with index 1
[23:58:15] [Netty Server IO #1/DEBUG] [ne.mi.ne.HandshakeHandler/FMLHANDSHAKE]: Received client indexed reply 1 of type net.minecraftforge.network.HandshakeMessages$C2SModListReply
[23:58:15] [Netty Local Client IO #0/DEBUG] [ne.mi.ne.HandshakeHandler/REGISTRIES]: Expecting 19 registries: [minecraft:command_argument_type, minecraft:recipe_serializer, minecraft:sound_event, minecraft:particle_type, minecraft:villager_profession, minecraft:item, minecraft:potion, minecraft:painting_variant, forge:fluid_type, minecraft:block_entity_type, forge:display_contexts, minecraft:block, forge:entity_data_serializers, minecraft:mob_effect, minecraft:stat_type, minecraft:menu, minecraft:enchantment, minecraft:fluid, minecraft:entity_type]
[23:58:15] [Netty Server IO #1/DEBUG] [ne.mi.ne.HandshakeHandler/FMLHANDSHAKE]: Received client connection with modlist [minecraft, thirst, forge, curios, geckolib, jei, eternal_trinkets]
[23:58:15] [Netty Server IO #1/DEBUG] [ne.mi.ne.NetworkRegistry/NETREGISTRY]: Channel 'thirst:main' : Version test of '0.1.1' from client : ACCEPTED
[23:58:15] [Netty Server IO #1/DEBUG] [ne.mi.ne.NetworkRegistry/NETREGISTRY]: Channel 'fml:loginwrapper' : Version test of 'FML3' from client : ACCEPTED
[23:58:15] [Netty Server IO #1/DEBUG] [ne.mi.ne.NetworkRegistry/NETREGISTRY]: Channel 'forge:tier_sorting' : Version test of '1.0' from client : ACCEPTED
[23:58:15] [Netty Server IO #1/DEBUG] [ne.mi.ne.NetworkRegistry/NETREGISTRY]: Channel 'fml:handshake' : Version test of 'FML3' from client : ACCEPTED
[23:58:15] [Netty Server IO #1/DEBUG] [ne.mi.ne.NetworkRegistry/NETREGISTRY]: Channel 'curios:main' : Version test of '1' from client : ACCEPTED
[23:58:15] [Netty Server IO #1/DEBUG] [ne.mi.ne.NetworkRegistry/NETREGISTRY]: Channel 'jei:channel' : Version test of '1.0.0' from client : ACCEPTED
[23:58:15] [Netty Server IO #1/DEBUG] [ne.mi.ne.NetworkRegistry/NETREGISTRY]: Channel 'minecraft:unregister' : Version test of 'FML3' from client : ACCEPTED
[23:58:15] [Netty Server IO #1/DEBUG] [ne.mi.ne.NetworkRegistry/NETREGISTRY]: Channel 'fml:play' : Version test of 'FML3' from client : ACCEPTED
[23:58:15] [Netty Server IO #1/DEBUG] [ne.mi.ne.NetworkRegistry/NETREGISTRY]: Channel 'minecraft:register' : Version test of 'FML3' from client : ACCEPTED
[23:58:15] [Netty Server IO #1/DEBUG] [ne.mi.ne.NetworkRegistry/NETREGISTRY]: Channel 'forge:split' : Version test of '1.1' from client : ACCEPTED
[23:58:15] [Netty Server IO #1/DEBUG] [ne.mi.ne.NetworkRegistry/NETREGISTRY]: Channel 'geckolib:main' : Version test of '1' from client : ACCEPTED
[23:58:15] [Netty Server IO #1/DEBUG] [ne.mi.ne.NetworkRegistry/NETREGISTRY]: Accepting channel list from client
[23:58:15] [Netty Server IO #1/DEBUG] [ne.mi.ne.HandshakeHandler/FMLHANDSHAKE]: Accepted client connection mod list
[23:58:15] [Server thread/DEBUG] [ne.mi.ne.HandshakeHandler/FMLHANDSHAKE]: Sending ticking packet info 'Config curios-server.toml' to 'fml:handshake' sequence 2
[23:58:15] [Netty Local Client IO #0/DEBUG] [ne.mi.ne.LoginWrapper/FMLHANDSHAKE]: Recieved login wrapper packet event for channel fml:handshake with index 2
[23:58:15] [Netty Local Client IO #0/DEBUG] [ne.mi.ne.HandshakeHandler/FMLHANDSHAKE]: Received config sync from server
[23:58:15] [Netty Local Client IO #0/DEBUG] [ne.mi.ne.LoginWrapper/FMLHANDSHAKE]: Dispatching wrapped packet reply for channel fml:handshake with index 2
[23:58:15] [Netty Server IO #1/DEBUG] [ne.mi.ne.LoginWrapper/FMLHANDSHAKE]: Recieved login wrapper packet event for channel fml:handshake with index 2
[23:58:15] [Netty Server IO #1/DEBUG] [ne.mi.ne.HandshakeHandler/FMLHANDSHAKE]: Received client indexed reply 2 of type net.minecraftforge.network.HandshakeMessages$C2SAcknowledge
[23:58:15] [Netty Server IO #1/DEBUG] [ne.mi.ne.HandshakeHandler/FMLHANDSHAKE]: Received acknowledgement from client
[23:58:15] [Server thread/DEBUG] [ne.mi.ne.HandshakeHandler/FMLHANDSHAKE]: Sending ticking packet info 'Config jei-server.toml' to 'fml:handshake' sequence 3
[23:58:15] [Netty Local Client IO #0/DEBUG] [ne.mi.ne.LoginWrapper/FMLHANDSHAKE]: Recieved login wrapper packet event for channel fml:handshake with index 3
[23:58:15] [Netty Local Client IO #0/DEBUG] [ne.mi.ne.HandshakeHandler/FMLHANDSHAKE]: Received config sync from server
[23:58:15] [Netty Local Client IO #0/DEBUG] [ne.mi.ne.LoginWrapper/FMLHANDSHAKE]: Dispatching wrapped packet reply for channel fml:handshake with index 3
[23:58:15] [Netty Server IO #1/DEBUG] [ne.mi.ne.LoginWrapper/FMLHANDSHAKE]: Recieved login wrapper packet event for channel fml:handshake with index 3
[23:58:15] [Netty Server IO #1/DEBUG] [ne.mi.ne.HandshakeHandler/FMLHANDSHAKE]: Received client indexed reply 3 of type net.minecraftforge.network.HandshakeMessages$C2SAcknowledge
[23:58:15] [Netty Server IO #1/DEBUG] [ne.mi.ne.HandshakeHandler/FMLHANDSHAKE]: Received acknowledgement from client
[23:58:15] [Server thread/DEBUG] [ne.mi.ne.HandshakeHandler/FMLHANDSHAKE]: Sending ticking packet info 'Config forge-server.toml' to 'fml:handshake' sequence 4
[23:58:15] [Netty Local Client IO #0/DEBUG] [ne.mi.ne.LoginWrapper/FMLHANDSHAKE]: Recieved login wrapper packet event for channel fml:handshake with index 4
[23:58:15] [Netty Local Client IO #0/DEBUG] [ne.mi.ne.HandshakeHandler/FMLHANDSHAKE]: Received config sync from server
[23:58:15] [Netty Local Client IO #0/DEBUG] [ne.mi.ne.LoginWrapper/FMLHANDSHAKE]: Dispatching wrapped packet reply for channel fml:handshake with index 4
[23:58:15] [Netty Server IO #1/DEBUG] [ne.mi.ne.LoginWrapper/FMLHANDSHAKE]: Recieved login wrapper packet event for channel fml:handshake with index 4
[23:58:15] [Netty Server IO #1/DEBUG] [ne.mi.ne.HandshakeHandler/FMLHANDSHAKE]: Received client indexed reply 4 of type net.minecraftforge.network.HandshakeMessages$C2SAcknowledge
[23:58:15] [Netty Server IO #1/DEBUG] [ne.mi.ne.HandshakeHandler/FMLHANDSHAKE]: Received acknowledgement from client
[23:58:15] [Server thread/DEBUG] [ne.mi.ne.HandshakeHandler/FMLHANDSHAKE]: Handshake complete!
[23:58:16] [Netty Local Client IO #0/INFO] [ne.mi.ne.NetworkHooks/]: Connected to a modded server.
[23:58:16] [Server thread/DEBUG] [mixin/]: Mixing MixinFoodData from thirst.mixin.json into net.minecraft.world.food.FoodData
[23:58:16] [Server thread/INFO] [minecraft/PlayerList]: Dev[local:E:8c0c26dd] logged in with entity id 282 at (-9.5, 66.0, -0.5)
[23:58:16] [Server thread/INFO] [minecraft/MinecraftServer]: Dev加入了游戏
[23:58:16] [Server thread/INFO] [Eternal Trinkets/]: TEMP golden_honey_medicine Curios implementation=top.theillusivec4.curios.common.capability.ItemizedCurioCapability, curios:belt=true
[23:58:16] [Render thread/INFO] [me.je.fo.st.StartEventObserver/]: JEI StartEventObserver received class net.minecraftforge.client.event.ClientPlayerNetworkEvent$LoggingIn
[23:58:16] [Render thread/INFO] [me.je.fo.st.StartEventObserver/]: JEI StartEventObserver transitioning state from DISABLED to ENABLED
[23:58:16] [Render thread/INFO] [me.je.fo.st.StartEventObserver/]: JEI StartEventObserver received class net.minecraftforge.client.event.RecipesUpdatedEvent
[23:58:16] [Render thread/INFO] [me.je.fo.st.StartEventObserver/]: JEI StartEventObserver received class net.minecraftforge.event.TagsUpdatedEvent
[23:58:16] [Render thread/INFO] [me.je.fo.st.StartEventObserver/]: JEI StartEventObserver transitioning state from ENABLED to JEI_STARTED
[23:58:16] [Render thread/INFO] [me.je.co.ut.LoggedTimer/]: Starting JEI...
[23:58:16] [Render thread/INFO] [me.je.li.lo.PluginCaller/]: Registering item subtypes...
[23:58:16] [Render thread/DEBUG] [me.je.li.lo.PluginCallerTimerRunnable/]: Registering item subtypes: jei:minecraft...
[23:58:16] [Render thread/DEBUG] [me.je.li.lo.PluginCallerTimerRunnable/]: Registering item subtypes: curios:curios...
[23:58:16] [Render thread/DEBUG] [me.je.li.lo.PluginCallerTimerRunnable/]: Registering item subtypes: jei:debug...
[23:58:16] [Render thread/DEBUG] [me.je.li.lo.PluginCallerTimerRunnable/]: Registering item subtypes: jei:gui...
[23:58:16] [Render thread/DEBUG] [me.je.li.lo.PluginCallerTimerRunnable/]: Registering item subtypes: jei:forge_gui...
[23:58:16] [Render thread/DEBUG] [me.je.li.lo.PluginCallerTimerRunnable/]: Registering item subtypes: eternal_trinkets:jei_plugin...
[23:58:16] [Render thread/DEBUG] [me.je.li.lo.PluginCallerTimerRunnable/]: Registering item subtypes: jei:internal...
[23:58:16] [Render thread/INFO] [me.je.li.lo.PluginCaller/]: Registering item subtypes took 3.613 ms
[23:58:16] [Render thread/INFO] [me.je.li.lo.PluginCaller/]: Registering fluid subtypes...
[23:58:16] [Render thread/DEBUG] [me.je.li.lo.PluginCallerTimerRunnable/]: Registering fluid subtypes: jei:minecraft...
[23:58:16] [Render thread/DEBUG] [me.je.li.lo.PluginCallerTimerRunnable/]: Registering fluid subtypes: curios:curios...
[23:58:16] [Render thread/DEBUG] [me.je.li.lo.PluginCallerTimerRunnable/]: Registering fluid subtypes: jei:debug...
[23:58:16] [Render thread/DEBUG] [me.je.li.lo.PluginCallerTimerRunnable/]: Registering fluid subtypes: jei:gui...
[23:58:16] [Render thread/DEBUG] [me.je.li.lo.PluginCallerTimerRunnable/]: Registering fluid subtypes: jei:forge_gui...
[23:58:16] [Render thread/DEBUG] [me.je.li.lo.PluginCallerTimerRunnable/]: Registering fluid subtypes: eternal_trinkets:jei_plugin...
[23:58:16] [Render thread/DEBUG] [me.je.li.lo.PluginCallerTimerRunnable/]: Registering fluid subtypes: jei:internal...
[23:58:16] [Render thread/INFO] [me.je.li.lo.PluginCaller/]: Registering fluid subtypes took 3.061 ms
[23:58:16] [Render thread/INFO] [me.je.li.lo.PluginCaller/]: Registering ingredients...
[23:58:16] [Render thread/DEBUG] [me.je.li.lo.PluginCallerTimerRunnable/]: Registering ingredients: jei:minecraft...
[23:58:16] [Render thread/DEBUG] [me.je.li.pl.va.in.ItemStackListFactory/]: Added  348/ 348 new items from '建筑方块' creative tab's displayItems
[23:58:16] [Render thread/DEBUG] [me.je.li.pl.va.in.ItemStackListFactory/]: Added  198/ 198 new items from '染色方块' creative tab's displayItems
[23:58:16] [Render thread/DEBUG] [me.je.li.pl.va.in.ItemStackListFactory/]: Added  202/ 226 new items from '自然方块' creative tab's displayItems
[23:58:16] [Render thread/DEBUG] [me.je.li.pl.va.in.ItemStackListFactory/]: Added  117/ 196 new items from '功能方块' creative tab's displayItems
[23:58:16] [Render thread/DEBUG] [me.je.li.pl.va.in.ItemStackListFactory/]: Added    0/ 196 new items from '功能方块' creative tab's searchTabDisplayItems
[23:58:16] [Render thread/DEBUG] [me.je.li.pl.va.in.ItemStackListFactory/]: Added   28/  62 new items from '红石方块' creative tab's displayItems
[23:58:16] [Render thread/DEBUG] [me.je.li.pl.va.in.ItemStackListFactory/]: Skipping creative tab: '已保存的快捷栏' because it is type: HOTBAR
[23:58:16] [Render thread/DEBUG] [me.je.li.pl.va.in.ItemStackListFactory/]: Skipping creative tab: '搜索物品' because it is type: SEARCH
[23:58:16] [Render thread/DEBUG] [me.je.li.pl.va.in.ItemStackListFactory/]: Added   97/ 109 new items from '工具与实用物品' creative tab's displayItems
[23:58:16] [Render thread/DEBUG] [me.je.li.pl.va.in.ItemStackListFactory/]: Added   86/  97 new items from '战斗用品' creative tab's displayItems
[23:58:16] [Render thread/DEBUG] [me.je.li.pl.va.in.ItemStackListFactory/]: Added  173/ 176 new items from '食物与饮品' creative tab's displayItems
[23:58:16] [Render thread/DEBUG] [me.je.li.pl.va.in.ItemStackListFactory/]: Added  157/ 171 new items from '原材料' creative tab's displayItems
[23:58:16] [Render thread/DEBUG] [me.je.li.pl.va.in.ItemStackListFactory/]: Added   74/ 245 new items from '原材料' creative tab's searchTabDisplayItems
[23:58:16] [Render thread/DEBUG] [me.je.li.pl.va.in.ItemStackListFactory/]: Added   76/  76 new items from '刷怪蛋' creative tab's displayItems
[23:58:16] [Render thread/WARN] [me.je.li.pl.va.in.ItemStackListFactory/]: Item Group has no display items and no search tab display items. Items from this group will be missing from the JEI ingredient list. 管理员用品
[23:58:16] [Render thread/DEBUG] [me.je.li.pl.va.in.ItemStackListFactory/]: Skipping creative tab: '生存模式物品栏' because it is type: INVENTORY
[23:58:16] [Render thread/DEBUG] [me.je.li.pl.va.in.ItemStackListFactory/]: Added    3/  11 new items from 'Thirst' creative tab's displayItems
[23:58:16] [Render thread/DEBUG] [me.je.li.pl.va.in.ItemStackListFactory/]: Added   19/  19 new items from 'Geckolib Examples' creative tab's displayItems
[23:58:16] [Render thread/DEBUG] [me.je.li.pl.va.in.ItemStackListFactory/]: Added   25/  25 new items from '永恒饰品' creative tab's displayItems
[23:58:16] [Render thread/INFO] [me.je.li.lo.PluginCallerTimerRunnable/]: Registering ingredients: jei:minecraft took 64.85 milliseconds
[23:58:16] [Render thread/DEBUG] [me.je.li.lo.PluginCallerTimerRunnable/]: Registering ingredients: curios:curios...
[23:58:16] [Render thread/DEBUG] [me.je.li.lo.PluginCallerTimerRunnable/]: Registering ingredients: jei:debug...
[23:58:16] [Render thread/DEBUG] [me.je.li.lo.PluginCallerTimerRunnable/]: Registering ingredients: jei:gui...
[23:58:16] [Render thread/DEBUG] [me.je.li.lo.PluginCallerTimerRunnable/]: Registering ingredients: jei:forge_gui...
[23:58:16] [Render thread/DEBUG] [me.je.li.lo.PluginCallerTimerRunnable/]: Registering ingredients: eternal_trinkets:jei_plugin...
[23:58:16] [Render thread/DEBUG] [me.je.li.lo.PluginCallerTimerRunnable/]: Registering ingredients: jei:internal...
[23:58:16] [Render thread/INFO] [me.je.li.lo.PluginCaller/]: Registering ingredients took 65.81 ms
[23:58:16] [Render thread/INFO] [me.je.li.lo.PluginCaller/]: Registering extra ingredients...
[23:58:16] [Render thread/DEBUG] [me.je.li.lo.PluginCallerTimerRunnable/]: Registering extra ingredients: jei:minecraft...
[23:58:16] [Render thread/DEBUG] [me.je.li.lo.PluginCallerTimerRunnable/]: Registering extra ingredients: curios:curios...
[23:58:16] [Render thread/DEBUG] [me.je.li.lo.PluginCallerTimerRunnable/]: Registering extra ingredients: jei:debug...
[23:58:16] [Render thread/DEBUG] [me.je.li.lo.PluginCallerTimerRunnable/]: Registering extra ingredients: jei:gui...
[23:58:16] [Render thread/DEBUG] [me.je.li.lo.PluginCallerTimerRunnable/]: Registering extra ingredients: jei:forge_gui...
[23:58:16] [Render thread/DEBUG] [me.je.li.lo.PluginCallerTimerRunnable/]: Registering extra ingredients: eternal_trinkets:jei_plugin...
[23:58:16] [Render thread/DEBUG] [me.je.li.lo.PluginCallerTimerRunnable/]: Registering extra ingredients: jei:internal...
[23:58:16] [Render thread/INFO] [me.je.li.lo.PluginCaller/]: Registering extra ingredients took 461.7 μs
[23:58:16] [Render thread/INFO] [me.je.li.lo.PluginCaller/]: Registering search ingredient aliases...
[23:58:16] [Render thread/DEBUG] [me.je.li.lo.PluginCallerTimerRunnable/]: Registering search ingredient aliases: jei:minecraft...
[23:58:16] [Render thread/DEBUG] [me.je.li.lo.PluginCallerTimerRunnable/]: Registering search ingredient aliases: curios:curios...
[23:58:16] [Render thread/DEBUG] [me.je.li.lo.PluginCallerTimerRunnable/]: Registering search ingredient aliases: jei:debug...
[23:58:16] [Render thread/DEBUG] [me.je.li.lo.PluginCallerTimerRunnable/]: Registering search ingredient aliases: jei:gui...
[23:58:16] [Render thread/DEBUG] [me.je.li.lo.PluginCallerTimerRunnable/]: Registering search ingredient aliases: jei:forge_gui...
[23:58:16] [Render thread/DEBUG] [me.je.li.lo.PluginCallerTimerRunnable/]: Registering search ingredient aliases: eternal_trinkets:jei_plugin...
[23:58:16] [Render thread/DEBUG] [me.je.li.lo.PluginCallerTimerRunnable/]: Registering search ingredient aliases: jei:internal...
[23:58:16] [Render thread/INFO] [me.je.li.lo.PluginCaller/]: Registering search ingredient aliases took 919.2 μs
[23:58:16] [Render thread/INFO] [me.je.li.lo.PluginCaller/]: Registering categories...
[23:58:16] [Render thread/DEBUG] [me.je.li.lo.PluginCallerTimerRunnable/]: Registering categories: jei:minecraft...
[23:58:16] [Render thread/INFO] [me.je.li.lo.PluginCallerTimerRunnable/]: Registering categories: jei:minecraft took 13.56 milliseconds
[23:58:16] [Render thread/DEBUG] [me.je.li.lo.PluginCallerTimerRunnable/]: Registering categories: curios:curios...
[23:58:16] [Render thread/DEBUG] [me.je.li.lo.PluginCallerTimerRunnable/]: Registering categories: jei:debug...
[23:58:16] [Render thread/DEBUG] [me.je.li.lo.PluginCallerTimerRunnable/]: Registering categories: jei:gui...
[23:58:16] [Render thread/DEBUG] [me.je.li.lo.PluginCallerTimerRunnable/]: Registering categories: jei:forge_gui...
[23:58:16] [Render thread/DEBUG] [me.je.li.lo.PluginCallerTimerRunnable/]: Registering categories: eternal_trinkets:jei_plugin...
[23:58:16] [Render thread/DEBUG] [me.je.li.lo.PluginCallerTimerRunnable/]: Registering categories: jei:internal...
[23:58:16] [Render thread/INFO] [me.je.li.lo.PluginCaller/]: Registering categories took 20.08 ms
[23:58:16] [Render thread/INFO] [me.je.li.lo.PluginCaller/]: Registering vanilla category extensions...
[23:58:16] [Render thread/DEBUG] [me.je.li.lo.PluginCallerTimerRunnable/]: Registering vanilla category extensions: jei:minecraft...
[23:58:16] [Render thread/DEBUG] [me.je.li.lo.PluginCallerTimerRunnable/]: Registering vanilla category extensions: curios:curios...
[23:58:16] [Render thread/DEBUG] [me.je.li.lo.PluginCallerTimerRunnable/]: Registering vanilla category extensions: jei:debug...
[23:58:16] [Render thread/DEBUG] [me.je.li.lo.PluginCallerTimerRunnable/]: Registering vanilla category extensions: jei:gui...
[23:58:16] [Render thread/DEBUG] [me.je.li.lo.PluginCallerTimerRunnable/]: Registering vanilla category extensions: jei:forge_gui...
[23:58:16] [Render thread/DEBUG] [me.je.li.lo.PluginCallerTimerRunnable/]: Registering vanilla category extensions: eternal_trinkets:jei_plugin...
[23:58:16] [Render thread/DEBUG] [me.je.li.lo.PluginCallerTimerRunnable/]: Registering vanilla category extensions: jei:internal...
[23:58:16] [Render thread/INFO] [me.je.li.lo.PluginCaller/]: Registering vanilla category extensions took 2.760 ms
[23:58:16] [Render thread/INFO] [me.je.li.lo.PluginCaller/]: Registering recipe catalysts...
[23:58:16] [Render thread/DEBUG] [me.je.li.lo.PluginCallerTimerRunnable/]: Registering recipe catalysts: jei:minecraft...
[23:58:16] [Render thread/DEBUG] [me.je.li.lo.PluginCallerTimerRunnable/]: Registering recipe catalysts: curios:curios...
[23:58:16] [Render thread/DEBUG] [me.je.li.lo.PluginCallerTimerRunnable/]: Registering recipe catalysts: jei:debug...
[23:58:16] [Render thread/DEBUG] [me.je.li.lo.PluginCallerTimerRunnable/]: Registering recipe catalysts: jei:gui...
[23:58:16] [Render thread/DEBUG] [me.je.li.lo.PluginCallerTimerRunnable/]: Registering recipe catalysts: jei:forge_gui...
[23:58:16] [Render thread/DEBUG] [me.je.li.lo.PluginCallerTimerRunnable/]: Registering recipe catalysts: eternal_trinkets:jei_plugin...
[23:58:16] [Render thread/DEBUG] [me.je.li.lo.PluginCallerTimerRunnable/]: Registering recipe catalysts: jei:internal...
[23:58:16] [Render thread/INFO] [me.je.li.lo.PluginCaller/]: Registering recipe catalysts took 911.0 μs
[23:58:16] [Render thread/INFO] [me.je.co.ut.LoggedTimer/]: Building recipe registry...
[23:58:16] [Render thread/INFO] [me.je.co.ut.LoggedTimer/]: Building recipe registry took 12.12 ms
[23:58:16] [Render thread/INFO] [me.je.li.lo.PluginCaller/]: Registering advanced plugins...
[23:58:16] [Render thread/DEBUG] [me.je.li.lo.PluginCallerTimerRunnable/]: Registering advanced plugins: jei:minecraft...
[23:58:16] [Render thread/DEBUG] [me.je.li.lo.PluginCallerTimerRunnable/]: Registering advanced plugins: curios:curios...
[23:58:16] [Render thread/DEBUG] [me.je.li.lo.PluginCallerTimerRunnable/]: Registering advanced plugins: jei:debug...
[23:58:16] [Render thread/DEBUG] [me.je.li.lo.PluginCallerTimerRunnable/]: Registering advanced plugins: jei:gui...
[23:58:16] [Render thread/DEBUG] [me.je.li.lo.PluginCallerTimerRunnable/]: Registering advanced plugins: jei:forge_gui...
[23:58:16] [Render thread/DEBUG] [me.je.li.lo.PluginCallerTimerRunnable/]: Registering advanced plugins: eternal_trinkets:jei_plugin...
[23:58:16] [Render thread/DEBUG] [me.je.li.lo.PluginCallerTimerRunnable/]: Registering advanced plugins: jei:internal...
[23:58:16] [Render thread/INFO] [me.je.li.lo.PluginCaller/]: Registering advanced plugins took 861.5 μs
[23:58:16] [Render thread/INFO] [me.je.li.lo.PluginCaller/]: Registering recipes...
[23:58:16] [Render thread/DEBUG] [me.je.li.lo.PluginCallerTimerRunnable/]: Registering recipes: jei:minecraft...
[23:58:16] [Render thread/DEBUG] [me.je.li.re.RecipeManagerInternal/]: Adding recipes: RecipeType[uid=minecraft:crafting, recipeClass=interface net.minecraft.world.item.crafting.CraftingRecipe]
[23:58:16] [Render thread/DEBUG] [me.je.li.re.RecipeManagerInternal/]: Adding recipes: RecipeType[uid=minecraft:crafting, recipeClass=interface net.minecraft.world.item.crafting.CraftingRecipe]
[23:58:16] [Render thread/DEBUG] [me.je.li.re.RecipeManagerInternal/]: Adding recipes: RecipeType[uid=minecraft:stonecutting, recipeClass=class net.minecraft.world.item.crafting.StonecutterRecipe]
[23:58:16] [Render thread/DEBUG] [me.je.li.re.RecipeManagerInternal/]: Adding recipes: RecipeType[uid=minecraft:furnace, recipeClass=class net.minecraft.world.item.crafting.SmeltingRecipe]
[23:58:16] [Render thread/DEBUG] [me.je.li.re.RecipeManagerInternal/]: Adding recipes: RecipeType[uid=minecraft:smoking, recipeClass=class net.minecraft.world.item.crafting.SmokingRecipe]
[23:58:16] [Render thread/DEBUG] [me.je.li.re.RecipeManagerInternal/]: Adding recipes: RecipeType[uid=minecraft:blasting, recipeClass=class net.minecraft.world.item.crafting.BlastingRecipe]
[23:58:16] [Render thread/DEBUG] [me.je.li.re.RecipeManagerInternal/]: Adding recipes: RecipeType[uid=minecraft:campfire, recipeClass=class net.minecraft.world.item.crafting.CampfireCookingRecipe]
[23:58:16] [Render thread/DEBUG] [me.je.li.re.RecipeManagerInternal/]: Adding recipes: RecipeType[uid=minecraft:fuel, recipeClass=interface mezz.jei.api.recipe.vanilla.IJeiFuelingRecipe]
[23:58:16] [Render thread/DEBUG] [me.je.li.re.RecipeManagerInternal/]: Adding recipes: RecipeType[uid=minecraft:anvil, recipeClass=interface mezz.jei.api.recipe.vanilla.IJeiAnvilRecipe]
[23:58:16] [Render thread/DEBUG] [me.je.li.re.RecipeManagerInternal/]: Adding recipes: RecipeType[uid=minecraft:smithing, recipeClass=interface net.minecraft.world.item.crafting.SmithingRecipe]
[23:58:16] [Render thread/DEBUG] [me.je.li.re.RecipeManagerInternal/]: Adding recipes: RecipeType[uid=minecraft:compostable, recipeClass=interface mezz.jei.api.recipe.vanilla.IJeiCompostingRecipe]
[23:58:16] [Render thread/DEBUG] [me.je.li.re.RecipeManagerInternal/]: Adding recipes: RecipeType[uid=minecraft:brewing, recipeClass=interface mezz.jei.api.recipe.vanilla.IJeiBrewingRecipe]
[23:58:16] [Render thread/INFO] [me.je.li.lo.PluginCallerTimerRunnable/]: Registering recipes: jei:minecraft took 218.8 milliseconds
[23:58:16] [Render thread/DEBUG] [me.je.li.lo.PluginCallerTimerRunnable/]: Registering recipes: curios:curios...
[23:58:16] [Render thread/DEBUG] [me.je.li.lo.PluginCallerTimerRunnable/]: Registering recipes: jei:debug...
[23:58:16] [Render thread/DEBUG] [me.je.li.lo.PluginCallerTimerRunnable/]: Registering recipes: jei:gui...
[23:58:16] [Render thread/DEBUG] [me.je.li.lo.PluginCallerTimerRunnable/]: Registering recipes: jei:forge_gui...
[23:58:16] [Render thread/DEBUG] [me.je.li.lo.PluginCallerTimerRunnable/]: Registering recipes: eternal_trinkets:jei_plugin...
[23:58:16] [Render thread/DEBUG] [me.je.li.re.RecipeManagerInternal/]: Adding recipes: RecipeType[uid=jei:information, recipeClass=interface mezz.jei.api.recipe.vanilla.IJeiIngredientInfoRecipe]
[23:58:16] [Render thread/DEBUG] [me.je.li.re.RecipeManagerInternal/]: Adding recipes: RecipeType[uid=jei:information, recipeClass=interface mezz.jei.api.recipe.vanilla.IJeiIngredientInfoRecipe]
[23:58:16] [Render thread/DEBUG] [me.je.li.re.RecipeManagerInternal/]: Adding recipes: RecipeType[uid=jei:information, recipeClass=interface mezz.jei.api.recipe.vanilla.IJeiIngredientInfoRecipe]
[23:58:16] [Render thread/DEBUG] [me.je.li.re.RecipeManagerInternal/]: Adding recipes: RecipeType[uid=jei:information, recipeClass=interface mezz.jei.api.recipe.vanilla.IJeiIngredientInfoRecipe]
[23:58:16] [Render thread/DEBUG] [me.je.li.lo.PluginCallerTimerRunnable/]: Registering recipes: jei:internal...
[23:58:16] [Render thread/DEBUG] [me.je.li.pl.je.ta.TagInfoRecipeMaker/]: No valid ingredients found for minecraft:fluid tag: #forge:milk (forge:milk)
[23:58:16] [Render thread/DEBUG] [me.je.li.re.RecipeManagerInternal/]: Adding recipes: RecipeType[uid=minecraft:tag_recipes/fluid, recipeClass=interface mezz.jei.library.plugins.jei.tags.ITagInfoRecipe]
[23:58:16] [Render thread/DEBUG] [me.je.li.re.RecipeManagerInternal/]: Adding recipes: RecipeType[uid=minecraft:tag_recipes/item, recipeClass=interface mezz.jei.library.plugins.jei.tags.ITagInfoRecipe]
[23:58:17] [Render thread/DEBUG] [me.je.li.pl.je.ta.TagInfoRecipeMaker/]: No valid ingredients found for minecraft:block tag: #minecraft:candle_cakes (minecraft:candle_cakes)
[23:58:17] [Render thread/DEBUG] [me.je.li.pl.je.ta.TagInfoRecipeMaker/]: No valid ingredients found for minecraft:block tag: #minecraft:portals (minecraft:portals)
[23:58:17] [Render thread/DEBUG] [me.je.li.pl.je.ta.TagInfoRecipeMaker/]: No valid ingredients found for minecraft:block tag: #minecraft:fire (minecraft:fire)
[23:58:17] [Render thread/DEBUG] [me.je.li.pl.je.ta.TagInfoRecipeMaker/]: No valid ingredients found for minecraft:block tag: #minecraft:strider_warm_blocks (minecraft:strider_warm_blocks)
[23:58:17] [Render thread/DEBUG] [me.je.li.pl.je.ta.TagInfoRecipeMaker/]: No valid ingredients found for minecraft:block tag: #forge:enderman_place_on_blacklist (forge:enderman_place_on_blacklist)
[23:58:17] [Render thread/DEBUG] [me.je.li.pl.je.ta.TagInfoRecipeMaker/]: No valid ingredients found for minecraft:block tag: #minecraft:invalid_spawn_inside (minecraft:invalid_spawn_inside)
[23:58:17] [Render thread/DEBUG] [me.je.li.re.RecipeManagerInternal/]: Adding recipes: RecipeType[uid=minecraft:tag_recipes/block, recipeClass=interface mezz.jei.library.plugins.jei.tags.ITagInfoRecipe]
[23:58:17] [Render thread/INFO] [me.je.li.lo.PluginCallerTimerRunnable/]: Registering recipes: jei:internal took 40.87 milliseconds
[23:58:17] [Render thread/INFO] [me.je.li.lo.PluginCaller/]: Registering recipes took 266.3 ms
[23:58:17] [Render thread/INFO] [me.je.li.lo.PluginCaller/]: Registering recipes transfer handlers...
[23:58:17] [Render thread/DEBUG] [me.je.li.lo.PluginCallerTimerRunnable/]: Registering recipes transfer handlers: jei:minecraft...
[23:58:17] [Render thread/DEBUG] [me.je.li.lo.PluginCallerTimerRunnable/]: Registering recipes transfer handlers: curios:curios...
[23:58:17] [Render thread/DEBUG] [me.je.li.lo.PluginCallerTimerRunnable/]: Registering recipes transfer handlers: jei:debug...
[23:58:17] [Render thread/DEBUG] [me.je.li.lo.PluginCallerTimerRunnable/]: Registering recipes transfer handlers: jei:gui...
[23:58:17] [Render thread/DEBUG] [me.je.li.lo.PluginCallerTimerRunnable/]: Registering recipes transfer handlers: jei:forge_gui...
[23:58:17] [Render thread/DEBUG] [me.je.li.lo.PluginCallerTimerRunnable/]: Registering recipes transfer handlers: eternal_trinkets:jei_plugin...
[23:58:17] [Render thread/DEBUG] [me.je.li.lo.PluginCallerTimerRunnable/]: Registering recipes transfer handlers: jei:internal...
[23:58:17] [Render thread/INFO] [me.je.li.lo.PluginCaller/]: Registering recipes transfer handlers took 5.358 ms
[23:58:17] [Render thread/INFO] [me.je.co.ut.LoggedTimer/]: Building runtime...
[23:58:17] [Render thread/INFO] [me.je.li.lo.PluginCaller/]: Registering gui handlers...
[23:58:17] [Render thread/DEBUG] [me.je.li.lo.PluginCallerTimerRunnable/]: Registering gui handlers: jei:minecraft...
[23:58:17] [Render thread/INFO] [me.je.li.lo.PluginCallerTimerRunnable/]: Registering gui handlers: jei:minecraft took 26.70 milliseconds
[23:58:17] [Render thread/DEBUG] [me.je.li.lo.PluginCallerTimerRunnable/]: Registering gui handlers: curios:curios...
[23:58:17] [Render thread/DEBUG] [me.je.li.lo.PluginCallerTimerRunnable/]: Registering gui handlers: jei:debug...
[23:58:17] [Render thread/DEBUG] [me.je.li.lo.PluginCallerTimerRunnable/]: Registering gui handlers: jei:gui...
[23:58:17] [Render thread/DEBUG] [me.je.li.lo.PluginCallerTimerRunnable/]: Registering gui handlers: jei:forge_gui...
[23:58:17] [Render thread/DEBUG] [me.je.li.lo.PluginCallerTimerRunnable/]: Registering gui handlers: eternal_trinkets:jei_plugin...
[23:58:17] [Render thread/DEBUG] [me.je.li.lo.PluginCallerTimerRunnable/]: Registering gui handlers: jei:internal...
[23:58:17] [Render thread/INFO] [me.je.li.lo.PluginCaller/]: Registering gui handlers took 34.56 ms
[23:58:17] [Render thread/INFO] [me.je.li.lo.PluginCaller/]: Registering Runtime...
[23:58:17] [Render thread/DEBUG] [me.je.li.lo.PluginCallerTimerRunnable/]: Registering Runtime: jei:minecraft...
[23:58:17] [Render thread/DEBUG] [me.je.li.lo.PluginCallerTimerRunnable/]: Registering Runtime: curios:curios...
[23:58:17] [Render thread/DEBUG] [me.je.li.lo.PluginCallerTimerRunnable/]: Registering Runtime: jei:debug...
[23:58:17] [Render thread/DEBUG] [me.je.li.lo.PluginCallerTimerRunnable/]: Registering Runtime: jei:gui...
[23:58:17] [Render thread/DEBUG] [me.je.li.lo.PluginCallerTimerRunnable/]: Registering Runtime: jei:forge_gui...
[23:58:17] [Render thread/INFO] [me.je.gu.st.JeiGuiStarter/]: Starting JEI GUI
[23:58:17] [Render thread/INFO] [me.je.co.ut.LoggedTimer/]: Building ingredient list...
[23:58:17] [Render thread/DEBUG] [me.je.gu.in.IngredientListElementFactory/]: Registering ingredients: ItemStack
[23:58:17] [Render thread/DEBUG] [me.je.gu.in.IngredientListElementFactory/]: Registering ingredients: FluidStack
[23:58:17] [Render thread/INFO] [me.je.co.ut.LoggedTimer/]: Building ingredient list took 23.28 ms
[23:58:17] [Render thread/INFO] [me.je.co.ut.LoggedTimer/]: Building ingredient filter...
[23:58:17] [Render thread/INFO] [me.je.gu.in.IngredientFilter/]: Adding 1605 ingredients
[23:58:17] [Render thread/DEBUG] [io.ne.ut.in.ThreadLocalRandom/]: -Dio.netty.initialSeedUniquifier: 0xae79963611c9672f
[23:58:17] [Render thread/INFO] [me.je.gu.in.IngredientFilter/]: Added 1605 ingredients
[23:58:17] [Render thread/INFO] [me.je.co.ut.LoggedTimer/]: Building ingredient filter took 221.5 ms
[23:58:17] [Render thread/INFO] [me.je.li.lo.PluginCallerTimerRunnable/]: Registering Runtime: jei:forge_gui took 330.5 milliseconds
[23:58:17] [Render thread/DEBUG] [me.je.li.lo.PluginCallerTimerRunnable/]: Registering Runtime: eternal_trinkets:jei_plugin...
[23:58:17] [Render thread/DEBUG] [me.je.li.lo.PluginCallerTimerRunnable/]: Registering Runtime: jei:internal...
[23:58:17] [Render thread/INFO] [me.je.li.lo.PluginCaller/]: Registering Runtime took 331.2 ms
[23:58:17] [Render thread/INFO] [me.je.co.ut.LoggedTimer/]: Building runtime took 374.8 ms
[23:58:17] [Render thread/INFO] [me.je.li.lo.PluginCaller/]: Sending Runtime...
[23:58:17] [Render thread/DEBUG] [me.je.li.lo.PluginCallerTimerRunnable/]: Sending Runtime: jei:minecraft...
[23:58:17] [Render thread/DEBUG] [me.je.li.lo.PluginCallerTimerRunnable/]: Sending Runtime: curios:curios...
[23:58:17] [Render thread/DEBUG] [me.je.li.lo.PluginCallerTimerRunnable/]: Sending Runtime: jei:debug...
[23:58:17] [Render thread/DEBUG] [me.je.li.lo.PluginCallerTimerRunnable/]: Sending Runtime: jei:gui...
[23:58:17] [Render thread/DEBUG] [me.je.li.lo.PluginCallerTimerRunnable/]: Sending Runtime: jei:forge_gui...
[23:58:17] [Render thread/DEBUG] [me.je.li.lo.PluginCallerTimerRunnable/]: Sending Runtime: eternal_trinkets:jei_plugin...
[23:58:17] [Render thread/DEBUG] [me.je.li.lo.PluginCallerTimerRunnable/]: Sending Runtime: jei:internal...
[23:58:17] [Render thread/INFO] [me.je.li.lo.PluginCaller/]: Sending Runtime took 568.6 μs
[23:58:17] [Render thread/INFO] [me.je.co.ut.LoggedTimer/]: Starting JEI took 818.6 ms
[23:58:17] [Render thread/INFO] [minecraft/AdvancementList]: Loaded 2 advancements
[00:00:45] [Server thread/INFO] [minecraft/IntegratedServer]: Saving and pausing game...
[00:00:45] [Server thread/INFO] [minecraft/MinecraftServer]: Saving chunks for level 'ServerLevel[新的世界]'/minecraft:overworld
[00:00:45] [Server thread/INFO] [minecraft/MinecraftServer]: Saving chunks for level 'ServerLevel[新的世界]'/minecraft:the_end
[00:00:45] [Server thread/INFO] [minecraft/MinecraftServer]: Saving chunks for level 'ServerLevel[新的世界]'/minecraft:the_nether
[00:00:45] [Server thread/DEBUG] [ne.mi.co.ForgeHooks/WP]: Gathering id map for writing to world save 新的世界
[00:00:45] [Server thread/DEBUG] [ne.mi.co.ForgeHooks/WP]: ID Map collection complete 新的世界
[00:00:45] [Render thread/INFO] [me.je.fo.st.StartEventObserver/]: JEI StartEventObserver received class net.minecraftforge.client.event.ClientPlayerNetworkEvent$LoggingOut
[00:00:45] [Render thread/INFO] [me.je.fo.st.StartEventObserver/]: JEI StartEventObserver transitioning state from JEI_STARTED to DISABLED
[00:00:45] [Render thread/INFO] [me.je.li.st.JeiStarter/]: Stopping JEI
[00:00:45] [Render thread/INFO] [me.je.li.lo.PluginCaller/]: Sending Runtime Unavailable...
[00:00:45] [Render thread/DEBUG] [me.je.li.lo.PluginCallerTimerRunnable/]: Sending Runtime Unavailable: jei:minecraft...
[00:00:45] [Render thread/DEBUG] [me.je.li.lo.PluginCallerTimerRunnable/]: Sending Runtime Unavailable: curios:curios...
[00:00:45] [Render thread/DEBUG] [me.je.li.lo.PluginCallerTimerRunnable/]: Sending Runtime Unavailable: jei:debug...
[00:00:45] [Render thread/DEBUG] [me.je.li.lo.PluginCallerTimerRunnable/]: Sending Runtime Unavailable: jei:gui...
[00:00:45] [Render thread/DEBUG] [me.je.li.lo.PluginCallerTimerRunnable/]: Sending Runtime Unavailable: jei:forge_gui...
[00:00:45] [Render thread/INFO] [me.je.fo.pl.fo.ForgeGuiPlugin/]: Stopping JEI GUI
[00:00:45] [Render thread/DEBUG] [me.je.li.lo.PluginCallerTimerRunnable/]: Sending Runtime Unavailable: eternal_trinkets:jei_plugin...
[00:00:45] [Render thread/DEBUG] [me.je.li.lo.PluginCallerTimerRunnable/]: Sending Runtime Unavailable: jei:internal...
[00:00:45] [Render thread/INFO] [me.je.li.lo.PluginCaller/]: Sending Runtime Unavailable took 1.402 ms
[00:00:45] [Server thread/INFO] [minecraft/ServerGamePacketListenerImpl]: Dev lost connection: 连接中断
[00:00:45] [Server thread/INFO] [minecraft/MinecraftServer]: Dev退出了游戏
[00:00:45] [Server thread/INFO] [minecraft/ServerGamePacketListenerImpl]: Stopping singleplayer server as player logged out
[00:00:45] [Server thread/INFO] [minecraft/MinecraftServer]: Stopping server
[00:00:45] [Server thread/INFO] [minecraft/MinecraftServer]: Saving players
[00:00:45] [Server thread/INFO] [minecraft/MinecraftServer]: Saving worlds
[00:00:46] [Server thread/INFO] [minecraft/MinecraftServer]: Saving chunks for level 'ServerLevel[新的世界]'/minecraft:overworld
[00:00:46] [Server thread/INFO] [minecraft/MinecraftServer]: Saving chunks for level 'ServerLevel[新的世界]'/minecraft:the_end
[00:00:46] [Server thread/INFO] [minecraft/MinecraftServer]: Saving chunks for level 'ServerLevel[新的世界]'/minecraft:the_nether
[00:00:46] [Server thread/DEBUG] [ne.mi.co.ForgeHooks/WP]: Gathering id map for writing to world save 新的世界
[00:00:46] [Server thread/DEBUG] [ne.mi.co.ForgeHooks/WP]: ID Map collection complete 新的世界
[00:00:46] [Server thread/INFO] [minecraft/MinecraftServer]: ThreadedAnvilChunkStorage (新的世界 (1)): All chunks are saved
[00:00:46] [Server thread/INFO] [minecraft/MinecraftServer]: ThreadedAnvilChunkStorage (DIM1): All chunks are saved
[00:00:46] [Server thread/INFO] [minecraft/MinecraftServer]: ThreadedAnvilChunkStorage (DIM-1): All chunks are saved
[00:00:46] [Server thread/INFO] [minecraft/MinecraftServer]: ThreadedAnvilChunkStorage: All dimensions are saved
[00:00:46] [Server thread/DEBUG] [ne.mi.re.GameData/REGISTRIES]: Reverting to FROZEN data state.
[00:00:46] [Server thread/DEBUG] [ne.mi.re.ForgeRegistry/REGISTRIES]: Registry minecraft:block Sync: ACTIVE -> FROZEN
[00:00:46] [Server thread/DEBUG] [ne.mi.re.ForgeRegistry/REGISTRIES]: Registry minecraft:fluid Sync: ACTIVE -> FROZEN
[00:00:46] [Server thread/DEBUG] [ne.mi.re.ForgeRegistry/REGISTRIES]: Registry minecraft:item Sync: ACTIVE -> FROZEN
[00:00:46] [Server thread/DEBUG] [ne.mi.re.ForgeRegistry/REGISTRIES]: Registry minecraft:mob_effect Sync: ACTIVE -> FROZEN
[00:00:46] [Server thread/DEBUG] [ne.mi.re.ForgeRegistry/REGISTRIES]: Registry minecraft:sound_event Sync: ACTIVE -> FROZEN
[00:00:46] [Server thread/DEBUG] [ne.mi.re.ForgeRegistry/REGISTRIES]: Registry minecraft:potion Sync: ACTIVE -> FROZEN
[00:00:46] [Server thread/DEBUG] [ne.mi.re.ForgeRegistry/REGISTRIES]: Registry minecraft:enchantment Sync: ACTIVE -> FROZEN
[00:00:46] [Server thread/DEBUG] [ne.mi.re.ForgeRegistry/REGISTRIES]: Registry minecraft:entity_type Sync: ACTIVE -> FROZEN
[00:00:46] [Server thread/DEBUG] [ne.mi.re.ForgeRegistry/REGISTRIES]: Registry minecraft:block_entity_type Sync: ACTIVE -> FROZEN
[00:00:46] [Server thread/DEBUG] [ne.mi.re.ForgeRegistry/REGISTRIES]: Registry minecraft:particle_type Sync: ACTIVE -> FROZEN
[00:00:46] [Server thread/DEBUG] [ne.mi.re.ForgeRegistry/REGISTRIES]: Registry minecraft:menu Sync: ACTIVE -> FROZEN
[00:00:46] [Server thread/DEBUG] [ne.mi.re.ForgeRegistry/REGISTRIES]: Registry minecraft:painting_variant Sync: ACTIVE -> FROZEN
[00:00:46] [Server thread/DEBUG] [ne.mi.re.ForgeRegistry/REGISTRIES]: Registry minecraft:recipe_type Sync: ACTIVE -> FROZEN
[00:00:46] [Server thread/DEBUG] [ne.mi.re.ForgeRegistry/REGISTRIES]: Registry minecraft:recipe_serializer Sync: ACTIVE -> FROZEN
[00:00:46] [Server thread/DEBUG] [ne.mi.re.ForgeRegistry/REGISTRIES]: Registry minecraft:attribute Sync: ACTIVE -> FROZEN
[00:00:46] [Server thread/DEBUG] [ne.mi.re.ForgeRegistry/REGISTRIES]: Registry minecraft:stat_type Sync: ACTIVE -> FROZEN
[00:00:46] [Server thread/DEBUG] [ne.mi.re.ForgeRegistry/REGISTRIES]: Registry minecraft:command_argument_type Sync: ACTIVE -> FROZEN
[00:00:46] [Server thread/DEBUG] [ne.mi.re.ForgeRegistry/REGISTRIES]: Registry minecraft:villager_profession Sync: ACTIVE -> FROZEN
[00:00:46] [Server thread/DEBUG] [ne.mi.re.ForgeRegistry/REGISTRIES]: Registry minecraft:point_of_interest_type Sync: ACTIVE -> FROZEN
[00:00:46] [Server thread/DEBUG] [ne.mi.re.ForgeRegistry/REGISTRIES]: Registry minecraft:memory_module_type Sync: ACTIVE -> FROZEN
[00:00:46] [Server thread/DEBUG] [ne.mi.re.ForgeRegistry/REGISTRIES]: Registry minecraft:sensor_type Sync: ACTIVE -> FROZEN
[00:00:46] [Server thread/DEBUG] [ne.mi.re.ForgeRegistry/REGISTRIES]: Registry minecraft:schedule Sync: ACTIVE -> FROZEN
[00:00:46] [Server thread/DEBUG] [ne.mi.re.ForgeRegistry/REGISTRIES]: Registry minecraft:activity Sync: ACTIVE -> FROZEN
[00:00:46] [Server thread/DEBUG] [ne.mi.re.ForgeRegistry/REGISTRIES]: Registry minecraft:worldgen/carver Sync: ACTIVE -> FROZEN
[00:00:46] [Server thread/DEBUG] [ne.mi.re.ForgeRegistry/REGISTRIES]: Registry minecraft:worldgen/feature Sync: ACTIVE -> FROZEN
[00:00:46] [Server thread/DEBUG] [ne.mi.re.ForgeRegistry/REGISTRIES]: Registry minecraft:chunk_status Sync: ACTIVE -> FROZEN
[00:00:46] [Server thread/DEBUG] [ne.mi.re.ForgeRegistry/REGISTRIES]: Registry minecraft:worldgen/block_state_provider_type Sync: ACTIVE -> FROZEN
[00:00:46] [Server thread/DEBUG] [ne.mi.re.ForgeRegistry/REGISTRIES]: Registry minecraft:worldgen/foliage_placer_type Sync: ACTIVE -> FROZEN
[00:00:46] [Server thread/DEBUG] [ne.mi.re.ForgeRegistry/REGISTRIES]: Registry minecraft:worldgen/tree_decorator_type Sync: ACTIVE -> FROZEN
[00:00:46] [Server thread/DEBUG] [ne.mi.re.ForgeRegistry/REGISTRIES]: Registry minecraft:worldgen/biome Sync: ACTIVE -> FROZEN
[00:00:46] [Server thread/DEBUG] [ne.mi.re.ForgeRegistry/REGISTRIES]: Registry forge:entity_data_serializers Sync: ACTIVE -> FROZEN
[00:00:46] [Server thread/DEBUG] [ne.mi.re.ForgeRegistry/REGISTRIES]: Registry forge:global_loot_modifier_serializers Sync: ACTIVE -> FROZEN
[00:00:46] [Server thread/DEBUG] [ne.mi.re.ForgeRegistry/REGISTRIES]: Registry forge:biome_modifier_serializers Sync: ACTIVE -> FROZEN
[00:00:46] [Server thread/DEBUG] [ne.mi.re.ForgeRegistry/REGISTRIES]: Registry forge:fluid_type Sync: ACTIVE -> FROZEN
[00:00:46] [Server thread/DEBUG] [ne.mi.re.ForgeRegistry/REGISTRIES]: Registry forge:structure_modifier_serializers Sync: ACTIVE -> FROZEN
[00:00:46] [Server thread/DEBUG] [ne.mi.re.ForgeRegistry/REGISTRIES]: Registry forge:holder_set_type Sync: ACTIVE -> FROZEN
[00:00:46] [Server thread/DEBUG] [ne.mi.re.ForgeRegistry/REGISTRIES]: Registry forge:display_contexts Sync: ACTIVE -> FROZEN
[00:00:47] [Server thread/DEBUG] [ne.mi.re.ObjectHolderRegistry/REGISTRIES]: Applying holder lookups
[00:00:47] [Server thread/DEBUG] [ne.mi.re.ObjectHolderRegistry/REGISTRIES]: Holder lookups applied
[00:00:47] [Server thread/DEBUG] [ne.mi.re.GameData/REGISTRIES]: FROZEN state restored.
[00:00:47] [Server thread/DEBUG] [ne.mi.fm.co.ConfigTracker/CONFIG]: Unloading configs type SERVER
[00:00:47] [Render thread/INFO] [minecraft/Minecraft]: Stopping!

Deprecated Gradle features were used in this build, making it incompatible with Gradle 9.0.

You can use '--warning-mode all' to show the individual deprecation warnings and determine if they come from your own scripts or plugins.

For more on this, please refer to https://docs.gradle.org/8.8/userguide/command_line_interface.html#sec:command_line_warnings in the Gradle documentation.

BUILD SUCCESSFUL in 4m 2s
10 actionable tasks: 8 executed, 2 up-to-date
